id,name,zone,type,district,lat,lon,x_m,y_m,dronable,demand,drone_service_s,truck_service_s,lw_s,depot_osrm_distance_m,to_depot_osrm_distance_m,road_reachable,osrm_snap_distance_m,source_dataset,original_id,inside_40mile_square,outside_25mile_square
0,depot,,depot,Thanh Xuân - Hoàng Mai,20.977,105.845,0.000000,0.000000,,,,,,,,,,depot,0,,
1,Không có tên [W],W,Trường học,Hoàng Mai,20.9573500,105.7233248,-12632.975698,-2184.980309,1,0.58,60,60,1800,18824.700,18332.600,True,51.397,reality.1000.1,684,true,false
2,Không có tên,,amenity:fuel,,21.2558200,106.1225543,28849.598730,31038.242400,1,1.12,60,60,2700,57827.591,57827.591,true,,openstreetmap_25_40_ring,node:8339162583,true,true
3,Trường Tiểu học Hoàng Liệt,C,Trường học,Hoàng Mai,20.9665587,105.8386220,-662.198369,-1161.019588,1,0.52,60,60,1800,2096.100,3332.700,True,36.73,reality.1000.1,901,true,false
4,WinMart+ [NE],NE,Siêu thị,Thanh Xuân,21.0867944,105.9658873,12551.171669,12208.580254,1,1.69,60,60,1800,21627.800,23855.700,True,29.147,reality.1000.1,127,true,false
5,The Coffee House [NE],NE,Cửa hàng đồ uống,Thanh Xuân,21.0796323,105.9147526,7242.091245,11412.191070,1,0.98,60,60,3600,17116.000,18365.100,True,22.369,reality.1000.1,232,true,false
6,Hội đồng nhân dân - Ủy ban nhân dân phường Thanh Liệt [NW],NW,Uỷ ban nhân dân,Thanh Xuân,21.0821695,105.7013053,-14919.158982,11694.314838,1,1.94,60,60,2700,22558.500,22062.100,True,227.442,reality.1000.1,852,true,false
7,WinMart+ [N],N,Siêu thị,Thanh Xuân,21.1063017,105.8507333,595.262137,14377.693047,1,0.82,60,60,1800,20380.500,20871.900,True,2.614,reality.1000.1,48,true,false
8,Petrolimex – Cửa hàng số 9,,amenity:fuel,Thành phố Bắc Ninh,21.1715739,106.0954358,26030.842749,21659.966548,1,1.90,60,60,3600,46212.310,46212.310,true,,openstreetmap_25_40_ring,node:993196881,true,true
9,Trường Tiểu học Tam Hiệp [E],E,Trường học,Hoàng Mai,20.9440831,105.9578668,11718.440089,-3660.192281,1,1.35,60,60,1800,19979.800,22321.800,True,4.614,reality.1000.1,299,true,false
10,Co.opmart [S],S,Siêu thị,Thanh Xuân,20.8683879,105.8014391,-4522.727648,-12077.114492,1,1.88,60,60,3600,19205.100,19308.600,True,80.07,reality.1000.1,523,true,false
11,WinMart+ [S],S,Siêu thị,Thanh Xuân,20.8691510,105.8321758,-1331.477630,-11992.261644,1,1.20,60,60,2700,18114.600,16484.500,True,7.756,reality.1000.1,450,true,false
12,Delícia Coffee & Lounge,C,Cửa hàng đồ uống,Thanh Xuân,20.9751840,105.8119491,-3431.522747,-201.929987,1,1.73,60,60,3600,5754.500,4883.700,True,12.002,reality.1000.1,968,true,false
13,Trường Đại học Kinh tế - Kỹ thuật Công nghiệp (cơ sở 218 Lĩnh Nam) [NE],NE,Trường học,Hoàng Mai,21.0820344,106.0026109,16364.013944,11679.292403,1,0.33,60,60,3600,26437.100,28051.500,True,3.341,reality.1000.1,173,true,false
14,Không có tên,,public_transport:platform,,21.1592399,106.1157588,28143.259652,20286.945668,1,1.59,60,60,2700,47343.819,47343.819,true,,openstreetmap_25_40_ring,node:4755947784,true,true
15,Trường Tiểu học Chu Văn An [NE],NE,Trường học,Hoàng Mai,21.0551766,105.9685163,12824.128633,8692.841302,1,0.62,60,60,2700,19316.000,21215.800,True,1.897,reality.1000.1,159,true,false
16,Thuế cơ sở 4 thành phố Hà Nội [NW],NW,Uỷ ban nhân dân,Thanh Xuân,21.1163232,105.7169594,-13293.865867,15492.033004,1,0.73,60,60,3600,26263.200,26093.200,True,64.776,reality.1000.1,869,true,false
17,WinMart+ [SW],SW,Siêu thị,Thanh Xuân,20.8799661,105.7103253,-13982.653920,-10789.677393,1,1.58,60,60,2700,25730.500,25720.700,True,62.986,reality.1000.1,600,true,false
18,Cục Sở hữu Trí tuệ,C,Uỷ ban nhân dân,Thanh Xuân,20.9938917,105.8054733,-4103.875239,1878.271342,1,0.28,60,60,3600,7685.700,8079.400,True,46.461,reality.1000.1,989,true,false
19,Nhà văn hóa thôn Văn Phú,,amenity:community_centre,,20.8486030,105.6300451,-22342.880690,-14293.154040,1,0.55,60,60,3600,36195.387,36195.387,true,,openstreetmap_25_40_ring,node:7187541619,true,true
20,WinMart+ [N],N,Siêu thị,Thanh Xuân,21.1113303,105.8043318,-4222.391928,14936.847855,1,1.03,60,60,1800,23352.500,22705.200,True,60.827,reality.1000.1,115,true,false
21,Trường Cao đẳng Hà Nội [E],E,Trường học,Hoàng Mai,20.9419270,105.9483243,10727.686257,-3899.939662,1,1.87,60,60,2700,18731.400,20319.300,True,60.671,reality.1000.1,317,true,false
22,Siêu thị Đức Thành [W],W,Siêu thị,Hoàng Mai,20.9772953,105.7478267,-10089.056253,32.835862,1,0.73,60,60,1800,16197.300,15867.100,True,30.151,reality.1000.1,662,true,false
23,Hội đồng nhân dân - Ủy ban nhân dân phường Thanh Liệt [SE],SE,Uỷ ban nhân dân,Thanh Xuân,20.8659533,105.9328685,9122.981718,-12347.829661,1,1.24,60,60,1800,19360.500,19305.000,True,295.998,reality.1000.1,380,true,false
24,WinMart+ [N],N,Siêu thị,Thanh Xuân,21.0961035,105.8534394,876.224038,13243.704946,1,1.16,60,60,2700,19440.900,20200.700,True,59.081,reality.1000.1,20,true,false
25,WinMart+ [S],S,Siêu thị,Hoàng Mai,20.8628525,105.9037910,6103.998796,-12692.622889,1,1.95,60,60,1800,16395.700,16340.200,True,5.213,reality.1000.1,512,true,false
26,WinMart+ [NW],NW,Siêu thị,Thanh Xuân,21.0843585,105.7287279,-12071.996706,11937.720532,1,0.42,60,60,2700,21221.400,21070.900,True,62.893,reality.1000.1,789,true,false
27,Trường Tiểu học Chu Văn An [N],N,Trường học,Hoàng Mai,21.0551766,105.8527347,803.058282,8692.841302,1,0.64,60,60,3600,13535.500,11874.300,True,66.775,reality.1000.1,39,true,false
28,UBND phường Khương Thượng,C,Uỷ ban nhân dân,Thanh Xuân,21.0022527,105.8256270,-2011.409377,2807.972124,1,0.79,60,60,2700,5028.900,6355.300,True,21.139,reality.1000.1,951,true,false
29,Petrolimex,,amenity:fuel,,20.7097474,105.7668237,-8125.814967,-29750.559432,1,1.06,60,60,2700,42086.260,42086.260,true,,openstreetmap_25_40_ring,node:2649232865,true,true
30,Khách Sạn Dragon Hotel Airport,,tourism:hotel,,21.2189546,105.7833584,-6407.162220,26934.386072,1,0.81,60,60,1800,37781.687,37781.687,true,,openstreetmap_25_40_ring,node:4924408244,true,true
31,Siêu thị B11 Kim Liên [W],W,Siêu thị,Thanh Xuân,21.0014919,105.7305874,-11878.933384,2723.375024,1,1.20,60,60,2700,18303.900,17058.600,True,20.819,reality.1000.1,717,true,false
32,Cà Phê Freddo,,amenity:cafe,,20.9097553,105.5755539,-28006.814754,-7485.680004,1,0.94,60,60,2700,39561.163,39561.163,true,,openstreetmap_25_40_ring,node:7055939353,true,true
33,Trường Mầm non Hoàng Liệt (cơ sở Tứ Kỳ) [NW],NW,Trường học,Hoàng Mai,21.0621079,105.7345616,-11466.310500,9463.566697,1,1.09,60,60,2700,18614.200,18444.200,True,3.94,reality.1000.1,799,true,false
34,cửa hàng giải khát hoa ban,,shop:convenience,,20.9228933,106.1544065,32160.385803,-6023.157844,1,1.49,60,60,3600,44650.766,44650.766,true,,openstreetmap_25_40_ring,node:4808859822,true,true
35,Cà Phê KOK [NW],NW,Cửa hàng đồ uống,Thanh Xuân,21.0859680,105.7110438,-13908.055374,12116.688767,1,0.82,60,60,1800,22634.300,22150.500,True,6.512,reality.1000.1,829,true,false
36,Trường Tiểu học Chu Văn An,C,Trường học,Hoàng Mai,20.9531263,105.8414957,-363.835332,-2654.634320,1,0.52,60,60,3600,3271.400,4042.800,True,41.499,reality.1000.1,916,true,false
37,WinMart+ [W],W,Siêu thị,Thanh Xuân,20.9939432,105.7001079,-15043.479510,1883.997881,1,1.36,60,60,3600,21377.200,20495.900,True,110.18,reality.1000.1,753,true,false
38,Trường Đại học Công nghệ và Quản lý Hữu Nghị [SW],SW,Trường học,Hoàng Mai,20.8686382,105.7608077,-8741.298801,-12049.282402,1,1.85,60,60,1800,22253.500,22038.500,True,16.097,reality.1000.1,563,true,false
39,Trường Mầm non Tứ Hiệp (điểm Đồng Trì) [NE],NE,Trường học,Hoàng Mai,21.0427644,105.9887950,14929.572670,7312.667634,1,1.03,60,60,3600,22132.300,24032.100,True,21.552,reality.1000.1,205,true,false
40,Trung tâm Công nghệ Phần mềm Thủy lợi [SW],SW,Uỷ ban nhân dân,Thanh Xuân,20.8947190,105.7206773,-12907.853431,-9149.229759,1,1.29,60,60,3600,23124.300,23105.200,True,13.323,reality.1000.1,612,true,false
41,Đình Văn Phú,,amenity:place_of_worship,,20.8487860,105.6297044,-22378.293791,-14272.782480,1,1.74,60,60,1800,36221.149,36221.149,true,,openstreetmap_25_40_ring,node:7187541618,true,true
42,WinMart+,C,Siêu thị,Thanh Xuân,20.9904183,105.8176043,-2844.369373,1492.046884,1,0.25,60,60,1800,5487.000,6622.300,True,6.379,reality.1000.1,962,true,false
43,Lanh Phấn,,shop:electronics,,20.8358248,106.0982623,26324.635318,-15715.623264,1,1.25,60,60,2700,41838.680,41838.680,true,,openstreetmap_25_40_ring,node:5102282621,true,true
44,Chùa Khai Nghiêm,,amenity:place_of_worship,,21.2281596,105.9476075,10665.247131,27959.086672,1,1.20,60,60,1800,40836.097,40836.097,true,,openstreetmap_25_40_ring,node:5618029543,true,true
45,WinMart+ [S],S,Siêu thị,Thanh Xuân,20.8951141,105.8043318,-4222.391928,-9105.296644,1,1.76,60,60,2700,17048.900,16932.000,True,25.09,reality.1000.1,532,true,false
46,Bến đò Vân Hà,,amenity:ferry_terminal,,21.2021473,106.0418200,20457.899669,25063.397436,1,1.03,60,60,2700,44150.196,44150.196,true,,openstreetmap_25_40_ring,node:3558149194,true,true
47,Chợ Xanh Văn Quán [SW],SW,Chợ dân sinh,Thanh Xuân,20.8601030,105.6869028,-16414.504234,-12998.353340,1,1.22,60,60,2700,27954.800,27945.000,True,276.165,reality.1000.1,639,true,false
48,WinMart+ [SE],SE,Siêu thị,Thanh Xuân,20.8825988,105.9211667,7908.037711,-10496.934509,1,1.79,60,60,2700,19554.400,27067.500,True,237.16,reality.1000.1,402,true,false
49,Trường Mầm non Văn Đức (điểm Chử Xá) [NE],NE,Trường học,Hoàng Mai,21.0418534,106.0300270,19210.501355,7211.369056,1,0.64,60,60,3600,25000.600,27295.700,True,43.608,reality.1000.1,239,true,false
50,WinMart+ [SW],SW,Siêu thị,Thanh Xuân,20.8821219,105.7222401,-12745.595104,-10549.963370,1,1.12,60,60,2700,24867.300,24848.200,True,6.829,reality.1000.1,581,true,false
51,Noble Moment [NE],NE,Cửa hàng đồ uống,Thanh Xuân,21.1119743,105.9299800,8823.082064,15008.457387,1,0.88,60,60,2700,21909.000,23118.600,True,26.742,reality.1000.1,227,true,false
52,Trường Tiểu học Đại Kim [E],E,Trường học,Hoàng Mai,20.9719957,105.9489450,10792.130680,-556.452771,1,0.68,60,60,2700,16975.600,19407.500,True,41.092,reality.1000.1,273,true,false
53,Trường Tiểu học Tam Hiệp [N],N,Trường học,Hoàng Mai,21.0521912,105.8420852,-302.630261,8360.879968,1,0.64,60,60,1800,11475.800,9814.600,True,31.2,reality.1000.1,56,true,false
54,Trường Mầm non Tứ Hiệp (điểm Đồng Trì) [N],N,Trường học,Hoàng Mai,21.0427644,105.8730134,2908.502319,7312.667634,1,0.96,60,60,3600,11093.900,12763.500,True,23.716,reality.1000.1,84,true,false
55,Trường Tiểu học Hoàng Liệt [W],W,Trường học,Hoàng Mai,20.9605009,105.7340794,-11516.375105,-1834.616214,1,1.97,60,60,1800,17348.500,16856.400,True,20.891,reality.1000.1,666,true,false
56,Trung Tâm đào tạo sát hạch lái xe,,amenity:driving_school,,21.1701299,105.8354595,-991.660359,21499.220468,1,1.82,60,60,2700,29370.127,29370.127,true,,openstreetmap_25_40_ring,node:7728081185,true,true
57,Quan an Nam Nhu 1,C,Cửa hàng ăn uống,Hoàng Mai,20.9746280,105.8820971,3851.621060,-263.754366,1,1.23,60,60,3600,6051.100,6808.800,True,8.007,reality.1000.1,969,true,false
58,WinMart+ [N],N,Siêu thị,Thanh Xuân,21.0983381,105.8380217,-724.524754,13492.181129,1,0.76,60,60,2700,23696.500,23335.200,True,74.206,reality.1000.1,43,true,false
59,Phở Minh - Phở Gánh Hà Nội Xưa,,amenity:restaurant,,21.2618798,105.8504705,568.615690,31712.819336,1,0.69,60,60,3600,43283.888,43283.888,true,,openstreetmap_25_40_ring,node:6742138884,true,true
60,trạm xăng,,amenity:fuel,,20.9100350,105.6080560,-24628.475658,-7454.543800,1,1.50,60,60,2700,35115.100,35115.100,true,,openstreetmap_25_40_ring,node:446044253,true,true
61,Tịnh Cafe [E],E,Cửa hàng đồ uống,Thanh Xuân,20.9974296,105.9377392,9628.684069,2271.667873,1,1.73,60,60,3600,14570.000,16215.200,True,75.804,reality.1000.1,333,true,false
62,WinMart+ [E],E,Siêu thị,Hoàng Mai,20.9562867,105.9915031,15210.742222,-2303.213874,1,1.20,60,60,2700,23347.000,26235.100,True,4.277,reality.1000.1,279,true,false
63,WinMart+,C,Siêu thị,Hoàng Mai,20.9670017,105.8704372,2641.027337,-1111.760235,1,1.37,60,60,2700,5370.100,4921.000,True,3.717,reality.1000.1,959,true,false
64,WinMart+ [E],E,Siêu thị,Hoàng Mai,20.9759899,105.9975887,15842.582045,-112.317995,1,1.70,60,60,2700,21493.000,23859.300,True,5.45,reality.1000.1,283,true,false
65,Đạt Thê,,shop:electronics,,20.8374959,106.0610127,22452.830727,-15529.596412,1,0.67,60,60,1800,37255.173,37255.173,true,,openstreetmap_25_40_ring,node:4780444726,true,true
66,Cà Phê Parkland [N],N,Cửa hàng đồ uống,Thanh Xuân,21.0887849,105.8434889,-156.890554,12429.913755,1,1.71,60,60,3600,25041.000,24679.700,True,46.675,reality.1000.1,17,true,false
67,ATM VCB,,amenity:atm,,20.9170020,106.1234830,28946.129831,-6678.977360,1,1.93,60,60,1800,40539.260,40539.260,true,,openstreetmap_25_40_ring,node:481836337,true,true
68,Trường mầm non Vườn Hồng,C,Trường học,Hoàng Mai,20.9828898,105.8439724,-106.690976,654.915879,1,1.58,60,60,3600,1204.300,2526.800,True,12.486,reality.1000.1,898,true,false
69,Thặng Hằng,,shop:electronics,,20.8149610,106.0923462,25709.702993,-18038.181480,1,1.32,60,60,2700,42858.839,42858.839,true,,openstreetmap_25_40_ring,node:4752344128,true,true
70,Trường Mầm non Tứ Hiệp (điểm Đồng Trì) [E],E,Trường học,Hoàng Mai,20.9346563,105.9887950,14929.572670,-4708.404615,1,0.30,60,60,3600,23340.200,25511.300,True,74.921,reality.1000.1,327,true,false
71,9.0cafe,C,Cửa hàng đồ uống,Thanh Xuân,21.0147806,105.8047173,-4182.367238,4201.011046,1,1.87,60,60,3600,8943.400,7331.600,True,1.894,reality.1000.1,998,true,false
72,Không có tên,C,Trường học,Hoàng Mai,20.9579729,105.8318694,-1363.289731,-2115.716989,1,0.82,60,60,2700,3405.800,4044.200,True,35.872,reality.1000.1,920,true,false
73,Quan an Nam Nhu 1 [N],N,Cửa hàng ăn uống,Hoàng Mai,21.0766783,105.8933361,5018.514674,11083.721257,1,1.30,60,60,3600,16531.100,17316.700,True,107.581,reality.1000.1,69,true,false
74,Co.opmart [SE],SE,Siêu thị,Thanh Xuân,20.8683879,105.9172207,7498.342702,-12077.114492,1,1.00,60,60,1800,17318.900,17263.400,True,28.963,reality.1000.1,403,true,false
75,Trường Quốc tế Singapore [W],W,Trường học,Hoàng Mai,20.9635886,105.7704514,-7740.037839,-1491.279639,1,0.66,60,60,1800,11691.000,11217.200,True,11.398,reality.1000.1,710,true,false
76,Highlands Coffee [N],N,Cửa hàng đồ uống,Hoàng Mai,21.0672278,105.8442038,-82.665779,10032.873602,1,0.71,60,60,1800,14418.800,12734.600,True,66.791,reality.1000.1,19,true,false
77,WinMart+ [SE],SE,Siêu thị,Thanh Xuân,20.8860122,105.9411370,9981.461996,-10117.381747,1,0.74,60,60,2700,25927.400,27531.400,True,26.375,reality.1000.1,382,true,false
78,Trường Mầm Non Hoạ Mi [N],N,Trường học,Hoàng Mai,21.0549937,105.8463861,143.912380,8672.503750,1,1.37,60,60,3600,12726.100,11064.900,True,122.767,reality.1000.1,44,true,false
79,WinMart+ [S],S,Siêu thị,Thanh Xuân,20.8762524,105.8288433,-1677.475759,-11202.621992,1,0.62,60,60,1800,14524.100,14875.500,True,11.402,reality.1000.1,468,true,false
80,Co.opmart [NW],NW,Siêu thị,Thanh Xuân,21.0846041,105.6856575,-16543.797998,11965.030006,1,0.98,60,60,2700,23861.500,23365.200,True,56.486,reality.1000.1,883,true,false
81,WinMart+,C,Siêu thị,Thanh Xuân,21.0114072,105.8087605,-3762.580401,3825.906080,1,1.92,60,60,2700,7210.900,6740.200,True,9.48,reality.1000.1,984,true,false
82,Ngọc linh,,shop:electronics,,20.9656362,106.1152334,28088.648432,-1265.018216,1,1.30,60,60,1800,38370.057,38370.057,true,,openstreetmap_25_40_ring,node:4744802323,true,true
83,Trường mầm non Vườn Hồng [NW],NW,Trường học,Hoàng Mai,21.0849401,105.7394298,-10960.867712,12002.391502,1,0.25,60,60,1800,22039.700,21864.500,True,1.959,reality.1000.1,781,true,false
84,WinMart+ [NW],NW,Siêu thị,Thanh Xuân,21.0867944,105.7343241,-11490.969031,12208.580254,1,0.29,60,60,2700,21652.800,21482.800,True,61.108,reality.1000.1,785,true,false
85,Không có tên [NW],NW,Cửa hàng đồ uống,Hoàng Mai,21.0900057,105.7588808,-8941.359954,12565.660522,1,1.43,60,60,3600,21609.900,21130.500,True,20.765,reality.1000.1,805,true,false
86,Không có tên,,leisure:park,,21.1922217,106.0393316,20199.249950,23958.479644,1,1.91,60,60,1800,42764.307,42764.307,true,,openstreetmap_25_40_ring,node:6545865254,true,true
87,Chợ Trung Kính,C,Chợ dân sinh,Thanh Xuân,21.0132259,105.7992969,-4745.142409,4028.136293,1,0.84,60,60,2700,8415.900,8476.800,True,15.771,reality.1000.1,994,true,false
88,Trường Mầm non Văn Đức (điểm Chử Xá) [S],S,Trường học,Hoàng Mai,20.8256372,105.9142454,7189.431005,-16830.775443,1,1.38,60,60,2700,23100.700,23045.200,True,97.474,reality.1000.1,535,true,false
89,WinMart+ [S],S,Siêu thị,Thanh Xuân,20.8745404,105.8124548,-3379.018244,-11392.987706,1,1.88,60,60,1800,20114.000,20015.600,True,5.35,reality.1000.1,506,true,false
90,Resort Phoenix,,tourism:hotel,Thành phố Bắc Ninh,21.2009440,106.0923894,25714.193295,24929.446080,1,0.74,60,60,3600,48874.650,48874.650,true,,openstreetmap_25_40_ring,node:4748286922,true,true
91,Sảnh tầng 2 nhà ga T2,,public_transport:platform,,21.2175480,105.7911540,-5596.870570,26777.803360,1,1.46,60,60,3600,37332.017,37332.017,true,,openstreetmap_25_40_ring,node:4570480399,true,true
92,Vin+ Tổ 25 Đ.Anh,,shop:supermarket,,21.1708102,105.8443361,-69.007213,21574.951464,1,0.72,60,60,2700,29442.431,29442.431,true,,openstreetmap_25_40_ring,node:5694054028,true,true
93,Highlands Coffee [SW],SW,Cửa hàng đồ uống,Hoàng Mai,20.8510116,105.7284222,-12103.736130,-14009.270896,1,0.67,60,60,2700,25445.300,26794.300,True,41.603,reality.1000.1,555,true,false
94,Trường Mầm non Thịnh Liệt (cơ sở Giáp Nhị) [S],S,Trường học,Hoàng Mai,20.8608505,105.8606390,1623.725352,-12915.235132,1,0.86,60,60,2700,15966.900,14237.900,True,5.982,reality.1000.1,415,true,false
95,Khách Sạn Family Transit,,tourism:hotel,,21.2167372,105.7810839,-6643.578706,26687.545104,1,1.79,60,60,1800,37530.688,37530.688,true,,openstreetmap_25_40_ring,node:4264124598,true,true
96,Trường mầm non Vườn Hồng [SW],SW,Trường học,Hoàng Mai,20.8687239,105.7394298,-10960.867712,-12039.752997,1,1.97,60,60,1800,22372.500,23656.300,True,22.708,reality.1000.1,540,true,false
97,Trường Tiểu học Hoàng Liệt [S],S,Trường học,Hoàng Mai,20.8523928,105.8498610,504.695245,-13855.688463,1,1.85,60,60,2700,18060.800,16440.700,True,9.887,reality.1000.1,424,true,false
98,Cổng BVĐK khu vực Phúc Yên,,public_transport:platform,,21.2319157,105.7120159,-13822.657125,28377.215724,1,1.69,60,60,2700,43074.843,43074.843,true,,openstreetmap_25_40_ring,node:1858361522,true,true
99,Cửa Hàng Tiện Lợi BV Mart [NE],NE,Siêu thị,Thanh Xuân,21.0811384,105.9230904,8107.766623,11579.661749,1,1.50,60,60,2700,18180.600,19405.100,True,76.588,reality.1000.1,219,true,false
100,Cà Phê Parkland [SW],SW,Cửa hàng đồ uống,Thanh Xuân,20.8725687,105.7277073,-12177.960905,-11612.230743,1,0.72,60,60,1800,26257.400,26238.300,True,19.185,reality.1000.1,553,true,false
101,WinMart+ [NE],NE,Siêu thị,Thanh Xuân,21.1063017,105.9665149,12616.332487,14377.693047,1,1.22,60,60,1800,24004.100,24780.200,True,37.206,reality.1000.1,168,true,false
102,Chợ Trung Kính [E],E,Chợ dân sinh,Thanh Xuân,21.0071681,105.9263175,8442.821555,3354.539667,1,1.49,60,60,3600,12885.600,14996.200,True,28.96,reality.1000.1,359,true,false
103,Cà Phê Athena,,amenity:cafe,,20.7489961,105.9111078,6871.388780,-25381.394148,1,1.54,60,60,3600,35883.606,35883.606,true,,openstreetmap_25_40_ring,node:6813391168,true,true
104,Liên kết,,shop:electronics,,20.8645457,106.0766717,24080.461308,-12518.412676,1,0.74,60,60,3600,37036.621,37036.621,true,,openstreetmap_25_40_ring,node:4751996622,true,true
105,WinMart+ [NE],NE,Siêu thị,Thanh Xuân,21.0761188,105.9682823,12799.833490,11021.507695,1,1.92,60,60,3600,20777.000,23225.200,True,5.725,reality.1000.1,120,true,false
106,WinMart+ [SW],SW,Siêu thị,Thanh Xuân,20.8599026,105.7367191,-11242.307210,-13020.636803,1,0.98,60,60,2700,23869.900,25153.700,True,8.141,reality.1000.1,537,true,false
107,Không có tên,,amenity:post_office,,21.0212675,105.5507693,-30582.980083,4927.858100,1,0.93,60,60,1800,42273.411,42273.411,true,,openstreetmap_25_40_ring,node:7884264502,true,true
108,Không có tên,,amenity:doctors,,20.9478625,105.5607071,-29550.023497,-3243.586500,1,0.26,60,60,3600,40567.675,40567.675,true,,openstreetmap_25_40_ring,node:4627624090,true,true
109,Phường Ô Chợ Dừa [SE],SE,Chợ dân sinh,Thanh Xuân,20.9070029,105.9507123,10975.621301,-7783.322400,1,0.48,60,60,1800,23544.600,25148.500,True,64.833,reality.1000.1,399,true,false
110,WinMart+ [E],E,Siêu thị,Hoàng Mai,20.9709606,106.0195726,18125.069146,-671.550640,1,0.63,60,60,1800,24509.400,26696.400,True,56.351,reality.1000.1,341,true,false
111,WinMart+,C,Siêu thị,Thanh Xuân,21.0065803,105.8150887,-3105.552537,3289.179289,1,0.45,60,60,1800,6544.000,5858.200,True,3.616,reality.1000.1,979,true,false
112,Trường Trung học cơ sở Tân Định [W],W,Trường học,Hoàng Mai,20.9821479,105.7406029,-10839.070141,572.420363,1,1.73,60,60,3600,16751.700,16395.900,True,19.262,reality.1000.1,665,true,false
113,Kho bạc Nhà nước Đống Đa [NE],NE,Uỷ ban nhân dân,Thanh Xuân,21.1162950,105.9533842,11253.032373,15488.897307,1,0.52,60,60,1800,23464.900,25749.500,True,13.784,reality.1000.1,209,true,false
114,WinMart+ [NW],NW,Siêu thị,Hoàng Mai,21.0547144,105.7475148,-10121.439394,8641.447007,1,0.69,60,60,2700,16942.300,16144.400,True,17.396,reality.1000.1,821,true,false
115,WinMart+ [SW],SW,Siêu thị,Thanh Xuân,20.8977172,105.6806879,-17059.768681,-8815.845130,1,1.74,60,60,1800,24024.000,24014.200,True,51.13,reality.1000.1,655,true,false
116,WinMart+ [N],N,Siêu thị,Thanh Xuân,21.0924686,105.8288433,-1677.475759,12839.522507,1,1.73,60,60,3600,24593.100,24231.800,True,161.996,reality.1000.1,53,true,false
117,Petrolimex,,amenity:fuel,,20.6884564,105.9113609,6897.696546,-32120.673552,1,1.02,60,60,2700,44832.804,44832.804,true,,openstreetmap_25_40_ring,node:4437491193,true,true
118,WinMart+ [N],N,Siêu thị,Thanh Xuân,21.0867944,105.8501057,530.101319,12208.580254,1,1.46,60,60,3600,21734.200,22434.100,True,101.552,reality.1000.1,8,true,false
119,Trung tâm Công nghệ Phần mềm Thủy lợi [E],E,Uỷ ban nhân dân,Thanh Xuân,21.0028271,105.9522405,11134.287269,2871.842490,1,1.92,60,60,1800,16531.900,18631.600,True,3.374,reality.1000.1,320,true,false
120,Starbucks [E],E,Cửa hàng đồ uống,Thanh Xuân,20.9811356,105.9130793,7068.360212,459.857739,1,1.57,60,60,2700,14048.400,15652.300,True,11.458,reality.1000.1,358,true,false
121,Cà Phê 3k [N],N,Cửa hàng đồ uống,Thanh Xuân,21.0744813,105.8326740,-1279.751818,10839.426003,1,0.28,60,60,2700,15102.500,14371.600,True,65.767,reality.1000.1,34,true,false
122,Trường mầm non Vườn Hồng [NE],NE,Trường học,Hoàng Mai,21.0849401,105.9709930,13081.272988,12002.391502,1,1.67,60,60,1800,22219.700,24109.700,True,108.844,reality.1000.1,123,true,false
123,Cà Phê KOK [W],W,Cửa hàng đồ uống,Thanh Xuân,20.9778599,105.7110438,-13908.055374,95.616517,1,0.54,60,60,2700,21418.300,20926.200,True,50.32,reality.1000.1,706,true,false
124,Cx5,,amenity:fuel,,20.8767260,105.5405320,-31647.067352,-11162.501680,1,0.90,60,60,1800,45794.939,45794.939,true,,openstreetmap_25_40_ring,node:444668646,true,true
125,WinMart+ [N],N,Siêu thị,Hoàng Mai,21.0898864,105.8629197,1860.519930,12552.394967,1,1.20,60,60,2700,19154.800,18886.000,True,61.221,reality.1000.1,13,true,false
126,Trường Tiểu học Nghĩa Hương,,amenity:school,,20.9724351,105.6153764,-23867.577331,-508.164668,1,1.14,60,60,2700,32578.296,32578.296,true,,openstreetmap_25_40_ring,node:6184420091,true,true
127,Công ty TNHH Dương Tuấn,,office:company,Thành phố Bắc Ninh,21.1697850,106.0588043,22223.284819,21460.826200,1,0.69,60,60,2700,42159.578,42159.578,true,,openstreetmap_25_40_ring,node:4353599245,true,true
128,Trường Mầm non Tứ Hiệp (điểm Đồng Trì) [NW],NW,Trường học,Hoàng Mai,21.0427644,105.7572318,-9112.568031,7312.667634,1,0.27,60,60,1800,14757.700,14161.600,True,33.031,reality.1000.1,860,true,false
129,Chợ Nhân Chính [W],W,Chợ dân sinh,Thanh Xuân,20.9923297,105.7047601,-14560.463008,1704.584867,1,0.78,60,60,1800,20422.900,19956.600,True,25.706,reality.1000.1,742,true,false
130,WinMart+ [N],N,Siêu thị,Hoàng Mai,21.0643948,105.8757215,3189.671872,9717.858375,1,1.78,60,60,3600,13928.900,14483.500,True,196.209,reality.1000.1,37,true,false
131,Bến đò Thổ Hà,,amenity:ferry_terminal,,21.2014546,106.0414797,20422.528145,24986.286072,1,1.43,60,60,1800,44038.161,44038.161,true,,openstreetmap_25_40_ring,node:3558148992,true,true
132,Không có tên [NE],NE,Trường học,Hoàng Mai,21.0600232,105.9588900,11824.674233,9231.758634,1,0.40,60,60,3600,18673.200,20573.100,True,35.391,reality.1000.1,155,true,false
133,Trường Trung học cơ sở Lĩnh Nam,C,Trường học,Hoàng Mai,20.9857761,105.8910896,4785.270924,975.857796,1,1.97,60,60,1800,6447.700,8215.200,True,59.921,reality.1000.1,978,true,false
134,Trại lợn Thái Dương Ứng Hoà,,amenity:veterinary,,20.7889189,105.7168533,-13319.847228,-20937.188052,1,0.65,60,60,3600,33863.814,33863.814,true,,openstreetmap_25_40_ring,node:4213658790,true,true
135,WinMart+ [NW],NW,Siêu thị,Hoàng Mai,21.0690520,105.7658946,-8213.149399,10235.715387,1,1.58,60,60,2700,19786.300,19355.200,True,49.897,reality.1000.1,824,true,false
136,Không có tên [W],W,Cửa hàng đồ uống,Hoàng Mai,20.9818976,105.7588808,-8941.359954,544.588273,1,1.83,60,60,3600,13695.400,13858.800,True,21.654,reality.1000.1,682,true,false
137,WinMart+ [NW],NW,Siêu thị,Thanh Xuân,21.1113303,105.6885502,-16243.462278,14936.847855,1,0.55,60,60,3600,28992.800,29139.200,True,19.509,reality.1000.1,891,true,false
138,Đảng uỷ - HĐND - UBND phường Thanh Xuân [W],W,Uỷ ban nhân dân,Thanh Xuân,20.9886799,105.6951639,-15556.792263,1298.745624,1,1.82,60,60,1800,21839.800,20958.600,True,74.723,reality.1000.1,756,true,false
139,Cà Phê Big One [S],S,Cửa hàng đồ uống,Thanh Xuân,20.8956954,105.8588876,1441.885555,-9040.659033,1,1.94,60,60,2700,10488.800,10226.800,True,12.591,reality.1000.1,478,true,false
140,Glory 2 Hotel,,tourism:hotel,Thành phố Bắc Ninh,21.1779675,106.0675964,23137.154851,22371.702100,1,0.68,60,60,2700,43920.165,43920.165,true,,openstreetmap_25_40_ring,node:4748437281,true,true
141,Không có tên [N],N,Cửa hàng đồ uống,Thanh Xuân,21.1045249,105.8316321,-1387.927497,14180.121901,1,1.07,60,60,2700,24231.600,23870.200,True,31.827,reality.1000.1,68,true,false
142,Trường Trung học cơ sở Văn Đức [SW],SW,Trường học,Hoàng Mai,20.8288563,105.7939565,-5299.611548,-16472.827854,1,1.81,60,60,2700,25038.200,25102.800,True,45.89,reality.1000.1,652,true,false
143,The Coffee House [SW],SW,Cửa hàng đồ uống,Thanh Xuân,20.8634161,105.6831894,-16800.049455,-12629.953429,1,0.37,60,60,1800,28129.200,28119.400,True,66.849,reality.1000.1,645,true,false
144,Siêu thị Đức Thành [SW],SW,Siêu thị,Hoàng Mai,20.8691872,105.7478267,-10089.056253,-11988.236387,1,0.27,60,60,1800,21609.900,22893.800,True,67.474,reality.1000.1,543,true,false
145,Chợ Xanh Văn Quán [W],W,Chợ dân sinh,Thanh Xuân,20.9682111,105.6869028,-16414.504234,-977.281091,1,1.15,60,60,3600,24763.300,24271.200,True,34.973,reality.1000.1,762,true,false
146,Trường Mầm non Yên Mỹ [SW],SW,Trường học,Hoàng Mai,20.8284067,105.7667198,-8127.472683,-16522.821093,1,0.79,60,60,3600,25812.800,27117.600,True,10.43,reality.1000.1,625,true,false
147,WinMart+ [S],S,Siêu thị,Thanh Xuân,20.8977172,105.7964695,-5038.698331,-8815.845130,1,0.54,60,60,1800,16262.400,16145.600,True,75.367,reality.1000.1,536,true,false
148,TK mark [W],W,Chợ dân sinh,Thanh Xuân,20.9830689,105.7035209,-14689.123437,674.830890,1,1.60,60,60,1800,21369.100,20902.700,True,28.847,reality.1000.1,731,true,false
149,Kotteji,,amenity:restaurant,Thành phố Bắc Ninh,21.1724286,106.0590598,22249.842046,21755.111752,1,1.97,60,60,3600,42465.440,42465.440,true,,openstreetmap_25_40_ring,node:5550008315,true,true
150,Trường Mầm non Hoa Mai [N],N,Trường học,Hoàng Mai,21.0819029,105.8604493,1604.029674,11664.670270,1,0.50,60,60,1800,20392.000,19288.800,True,2.208,reality.1000.1,3,true,false
151,WinMart+ [N],N,Siêu thị,Thanh Xuân,21.0843585,105.8445095,-50.926356,11937.720532,1,1.25,60,60,2700,20780.500,21480.400,True,51.363,reality.1000.1,12,true,false
152,Cafe 1988,,amenity:cafe,Thành phố Bắc Ninh,21.1841201,106.0670933,23084.861541,23056.609532,1,1.57,60,60,1800,44524.406,44524.406,true,,openstreetmap_25_40_ring,node:6944676204,true,true
153,Siêu Thị T-Mart [E],E,Siêu thị,Thanh Xuân,20.9652567,105.9631802,12270.105943,-1305.795382,1,0.54,60,60,1800,20567.900,22877.200,True,92.374,reality.1000.1,249,true,false
154,Trường Mầm non Sao Mai [SW],SW,Trường học,Hoàng Mai,20.8705557,105.7221759,-12752.260694,-11836.066130,1,0.54,60,60,2700,26652.200,26633.100,True,20.705,reality.1000.1,561,true,false
155,Ngọc tân - thùy chi,,shop:electronics,,20.7389807,106.0582706,22167.810878,-26496.308476,1,0.77,60,60,1800,47144.027,47144.027,true,,openstreetmap_25_40_ring,node:4860909321,true,true
156,Chợ Nhân Chính,C,Chợ dân sinh,Thanh Xuân,20.9983875,105.8093027,-3706.286272,2378.181494,1,1.66,60,60,2700,7076.400,6910.500,True,12.5,reality.1000.1,983,true,false
157,Chợ Nhân Chính [E],E,Chợ dân sinh,Thanh Xuân,20.9923297,105.9363233,9481.677692,1704.584867,1,1.69,60,60,3600,13118.700,25535.000,True,12.294,reality.1000.1,329,true,false
158,Trường Đại học Công nghệ và Quản lý Hữu Nghị [S],S,Trường học,Hoàng Mai,20.8686382,105.8765893,3279.771549,-12049.282402,1,0.51,60,60,2700,13356.500,14301.800,True,47.351,reality.1000.1,440,true,false
159,Karaoke Huy Du,,amenity:karaoke_box,,20.9031980,105.5752156,-28041.978393,-8215.638640,1,1.69,60,60,1800,39876.058,39876.058,true,,openstreetmap_25_40_ring,node:7055939505,true,true
160,Cà Phê Parkland,C,Cửa hàng đồ uống,Thanh Xuân,20.9867346,105.8322499,-1323.784168,1082.438133,1,1.55,60,60,3600,2956.600,3360.000,True,15.638,reality.1000.1,913,true,false
161,Siêu thị Đức Thành [NW],NW,Siêu thị,Hoàng Mai,21.0854034,105.7478267,-10089.056253,12053.908111,1,1.12,60,60,1800,22680.200,22510.100,True,48.893,reality.1000.1,784,true,false
162,Trung tâm Công nghệ Phần mềm Thủy lợi [SE],SE,Uỷ ban nhân dân,Thanh Xuân,20.8947190,105.9522405,11134.287269,-9149.229759,1,1.42,60,60,2700,24989.800,26593.700,True,11.751,reality.1000.1,381,true,false
163,WinMart+ [N],N,Siêu thị,Thanh Xuân,21.0811596,105.8270746,-1861.111735,11582.019081,1,1.87,60,60,3600,15518.700,17079.100,True,11.228,reality.1000.1,46,true,false
164,Siêu thị Đức Thành [E],E,Siêu thị,Hoàng Mai,20.9772953,105.9793899,13953.084447,32.835862,1,0.60,60,60,1800,20075.100,22420.700,True,53.001,reality.1000.1,247,true,false
165,WinMart+ [W],W,Siêu thị,Hoàng Mai,20.9764416,105.7773799,-7020.683590,-62.091247,1,0.93,60,60,3600,10195.400,10270.500,True,4.396,reality.1000.1,726,true,false
166,WinMart+ [NE],NE,Siêu thị,Hoàng Mai,21.0582097,105.9751068,13508.389898,9030.106634,1,0.91,60,60,3600,20100.900,22000.800,True,17.304,reality.1000.1,149,true,false
167,Không có tên [E],E,Uỷ ban nhân dân,Thanh Xuân,20.9927835,105.9670805,12675.056131,1755.045125,1,1.56,60,60,3600,18050.100,20600.200,True,26.573,reality.1000.1,275,true,false
168,Trường Đại học Kinh tế - Kỹ thuật Công nghiệp (cơ sở 218 Lĩnh Nam) [SW],SW,Trường học,Hoàng Mai,20.8658182,105.7710477,-7678.126756,-12362.852095,1,1.36,60,60,3600,20190.400,20119.100,True,99.698,reality.1000.1,590,true,false
169,WinMart+ [NW],NW,Siêu thị,Thanh Xuân,21.1119924,105.7258822,-12367.452633,15010.470016,1,0.69,60,60,3600,24962.700,24792.700,True,169.649,reality.1000.1,848,true,false
170,Trường Mầm non Hoa Mai [W],W,Trường học,Hoàng Mai,20.9737948,105.7446677,-10417.040676,-356.401979,1,0.80,60,60,3600,15937.600,15435.300,True,4.55,reality.1000.1,658,true,false
171,WinMart+ [S],S,Siêu thị,Thanh Xuân,20.8860122,105.8253554,-2039.608354,-10117.381747,1,1.06,60,60,1800,11705.200,11837.600,True,105.42,reality.1000.1,492,true,false
172,An lượng,,shop:electronics,,20.9904794,106.0833937,24779.160635,1500.526808,1,1.06,60,60,3600,33876.851,33876.851,true,,openstreetmap_25_40_ring,node:4744802324,true,true
173,Trung tâm Hỗ trợ doanh nghiệp Hà Nội [NE],NE,Uỷ ban nhân dân,Thanh Xuân,21.1157597,105.9174089,7517.882642,15429.374663,1,1.69,60,60,1800,22977.700,23741.600,True,17.766,reality.1000.1,238,true,false
174,Starbucks [NW],NW,Cửa hàng đồ uống,Thanh Xuân,21.0892437,105.6815161,-16973.780489,12480.929988,1,0.39,60,60,2700,26171.300,25691.800,True,41.706,reality.1000.1,889,true,false
175,Vietnam Gift Shop,,amenity:smoking_area,,21.2192906,105.7893686,-5782.448936,26971.789592,1,1.80,60,60,3600,37643.452,37643.452,true,,openstreetmap_25_40_ring,node:6973453978,true,true
176,quốc Hieu,,tourism:motel,,20.7227895,105.8090912,-3732.438917,-28298.712860,1,1.63,60,60,1800,38952.320,38952.320,true,,openstreetmap_25_40_ring,node:5338726421,true,true
177,Chợ Xanh Văn Quán [N],N,Chợ dân sinh,Thanh Xuân,21.0763192,105.8026844,-4393.433883,11043.791158,1,1.68,60,60,2700,16141.900,16096.800,True,108.986,reality.1000.1,103,true,false
178,Highlands Coffee [NE],NE,Cửa hàng đồ uống,Hoàng Mai,21.0672278,105.9599854,11938.404571,10032.873602,1,0.39,60,60,3600,19362.300,22195.100,True,94.509,reality.1000.1,137,true,false
179,Đền Thờ Đô Thống Lê Phụng Hiểu,,amenity:place_of_worship,Thành phố Bắc Ninh,21.1700691,106.0471988,21016.983861,21492.452212,1,1.05,60,60,3600,41022.217,41022.217,true,,openstreetmap_25_40_ring,node:6545871111,true,true
180,Starbucks [W],W,Cửa hàng đồ uống,Thanh Xuân,20.9811356,105.6815161,-16973.780489,459.857739,1,1.32,60,60,3600,24359.800,23867.700,True,4.072,reality.1000.1,770,true,false
181,Không có tên,,amenity:shelter,,21.1947238,106.0160689,17781.274223,24237.013416,1,1.00,60,60,1800,41021.477,41021.477,true,,openstreetmap_25_40_ring,node:4957900021,true,true
182,Trường Mầm non Hoa Mai [NW],NW,Trường học,Hoàng Mai,21.0819029,105.7446677,-10417.040676,11664.670270,1,0.28,60,60,3600,22507.300,20519.200,True,32.827,reality.1000.1,780,true,false
183,Quầy thuốc Hải Yến,,amenity:pharmacy,,21.0190818,105.5517295,-30483.174803,4684.545976,1,0.62,60,60,3600,42087.239,42087.239,true,,openstreetmap_25_40_ring,node:7924687012,true,true
184,WinMart+ [W],W,Siêu thị,Thanh Xuân,20.9880742,105.7103253,-13982.653920,1231.394857,1,0.31,60,60,3600,19244.000,18777.600,True,1.356,reality.1000.1,718,true,false
185,Trường Mầm non Sao Mai [SE],SE,Trường học,Hoàng Mai,20.8705557,105.9537391,11289.880006,-11836.066130,1,1.54,60,60,2700,28069.700,29673.600,True,69.854,reality.1000.1,366,true,false
186,WinMart+ [NE],NE,Siêu thị,Hoàng Mai,21.0430343,105.9731228,13302.400315,7342.679145,1,1.96,60,60,1800,20621.700,22916.800,True,14.174,reality.1000.1,194,true,false
187,Trường Mầm non Tứ Hiệp (điểm Cổ Điển B) [N],N,Trường học,Hoàng Mai,21.0469486,105.8657703,2156.484601,7777.929446,1,0.87,60,60,2700,12790.700,11893.900,True,0.111,reality.1000.1,66,true,false
188,Cục Dự trữ Nhà nước khu vực Hà Nội [S],S,Uỷ ban nhân dân,Thanh Xuân,20.8756125,105.8511545,638.993393,-11273.775625,1,0.74,60,60,2700,13861.600,13997.900,True,1.494,reality.1000.1,427,true,false
189,Tịnh Cafe [NW],NW,Cửa hàng đồ uống,Thanh Xuân,21.1055377,105.7061760,-14413.456631,14292.740123,1,1.52,60,60,3600,25364.100,24880.400,True,83.768,reality.1000.1,865,true,false
190,WinMart+ [SW],SW,Siêu thị,Thanh Xuân,20.8649434,105.7112930,-13882.182085,-12460.125417,1,1.96,60,60,1800,28145.700,28135.900,True,61.928,reality.1000.1,584,true,false
191,Trường Tiểu học Hoàng Liệt [NE],NE,Trường học,Hoàng Mai,21.0686090,105.9656426,12525.765595,10186.456035,1,1.21,60,60,1800,20244.800,22144.700,True,90.084,reality.1000.1,130,true,false
192,MM Mega Market Hoàng Mai [W],W,Siêu thị,Hoàng Mai,20.9634573,105.7615356,-8665.724296,-1505.879533,1,1.32,60,60,1800,12941.200,12149.500,True,7.287,reality.1000.1,686,true,false
193,WinMart+ [NE],NE,Siêu thị,Thanh Xuân,21.1144884,105.9440580,10284.735975,15288.012552,1,1.78,60,60,3600,24540.300,26931.300,True,8.324,reality.1000.1,216,true,false
194,Coffee Cây [NW],NW,Cửa hàng đồ uống,Thanh Xuân,21.1102173,105.7156345,-13431.424133,14813.087901,1,0.57,60,60,1800,26015.500,25531.800,True,5.91,reality.1000.1,859,true,false
195,Không có tên,,amenity:fuel,,20.7483517,105.9113929,6901.022695,-25453.128756,1,0.55,60,60,1800,35988.668,35988.668,true,,openstreetmap_25_40_ring,node:4437505397,true,true
196,WinMart+ [NW],NW,Siêu thị,Thanh Xuân,21.0924686,105.7130617,-13698.546109,12839.522507,1,0.80,60,60,1800,23536.300,23052.500,True,29.635,reality.1000.1,831,true,false
197,WinMart+ [SW],SW,Siêu thị,Hoàng Mai,20.8714401,105.7533569,-9514.881054,-11737.725337,1,0.68,60,60,1800,20719.000,22002.900,True,38.166,reality.1000.1,552,true,false
198,Cafe Đồ Xưa,,amenity:cafe,,21.1772239,106.0635395,22715.471825,22288.924548,1,1.92,60,60,2700,43429.123,43429.123,true,,openstreetmap_25_40_ring,node:6545253556,true,true
199,Karaoke Khanh Sơn,,amenity:karaoke_box,,20.9026139,105.5756813,-27993.572521,-8280.660652,1,2.00,60,60,1800,39837.748,39837.748,true,,openstreetmap_25_40_ring,node:7055939506,true,true
200,Bảo Làn,,shop:electronics,,20.8501391,106.0913767,25608.931050,-14122.155388,1,0.70,60,60,1800,39908.814,39908.814,true,,openstreetmap_25_40_ring,node:4886839621,true,true
