dataset,start_hour,seed,status,return_code,feasibility,initial_makespan_s,improved_makespan_s,improved_makespan_h,worst_makespan_s,mean_makespan_s,solver_elapsed_s,wall_time_s,max_iterations,segment_iterations,time_limit_s,started_at,finished_at,solution_path
set_03,6,1,complete,0,FEASIBLE,16191.892791,16191.892791,4.4977479975,16191.892791,16191.892791,228.160999,228.284201,9000,100,1800,2026-10-01T03:12:58.324102+00:00,2026-10-01T03:16:46.612437+00:00,/Users/huetran/Tu_paper_HueRepo/instance_hanoi/datasets/hanoi_traffic/Hanoi_selected_20/results/runs_v2_1seed_start_hours_6h_12h_set_03/set_03/6h/seed_1/output_solution_best.txt
set_03,6,2,complete,0,FEASIBLE,16191.892791,16191.892791,4.4977479975,16191.892791,16191.892791,230.298548,230.436316,9000,100,1800,2026-10-01T03:30:53.846513+00:00,2026-10-01T03:34:44.285269+00:00,/Users/huetran/Tu_paper_HueRepo/instance_hanoi/datasets/hanoi_traffic/Hanoi_selected_20/results/runs_v2_2seeds_start_hours_6h_12h_set_03/set_03/6h/seed_2/output_solution_best.txt
set_03,7,1,complete,0,FEASIBLE,17382.917675,17382.917675,4.828588243055556,17382.917675,17382.917675,211.761718,211.87933,9000,100,1800,2026-10-01T03:12:58.425747+00:00,2026-10-01T03:16:30.308757+00:00,/Users/huetran/Tu_paper_HueRepo/instance_hanoi/datasets/hanoi_traffic/Hanoi_selected_20/results/runs_v2_1seed_start_hours_6h_12h_set_03/set_03/7h/seed_1/output_solution_best.txt
set_03,7,2,complete,0,FEASIBLE,17382.917675,11650.667429,3.2362965080555552,11650.667429,11650.667429,218.399741,218.533704,9000,100,1800,2026-10-01T03:34:35.809574+00:00,2026-10-01T03:38:14.345508+00:00,/Users/huetran/Tu_paper_HueRepo/instance_hanoi/datasets/hanoi_traffic/Hanoi_selected_20/results/runs_v2_2seeds_start_hours_6h_12h_set_03/set_03/7h/seed_2/output_solution_best.txt
set_03,8,1,complete,0,FEASIBLE,15894.231565,15374.403876,4.270667743333333,15374.403876,15374.403876,221.727877,221.842707,9000,100,1800,2026-10-01T03:13:01.716605+00:00,2026-10-01T03:16:43.563966+00:00,/Users/huetran/Tu_paper_HueRepo/instance_hanoi/datasets/hanoi_traffic/Hanoi_selected_20/results/runs_v2_1seed_start_hours_6h_12h_set_03/set_03/8h/seed_1/output_solution_best.txt
set_03,8,2,complete,0,FEASIBLE,15894.231565,15212.153618,4.225598227222222,15212.153618,15212.153618,217.425396,217.549228,9000,100,1800,2026-10-01T03:34:42.252080+00:00,2026-10-01T03:38:19.804331+00:00,/Users/huetran/Tu_paper_HueRepo/instance_hanoi/datasets/hanoi_traffic/Hanoi_selected_20/results/runs_v2_2seeds_start_hours_6h_12h_set_03/set_03/8h/seed_2/output_solution_best.txt
set_03,9,1,complete,0,FEASIBLE,16072.547899,14544.565162,4.040156989444444,14544.565162,14544.565162,200.221047,200.34669,9000,100,1800,2026-10-01T03:16:30.311273+00:00,2026-10-01T03:19:50.661584+00:00,/Users/huetran/Tu_paper_HueRepo/instance_hanoi/datasets/hanoi_traffic/Hanoi_selected_20/results/runs_v2_1seed_start_hours_6h_12h_set_03/set_03/9h/seed_1/output_solution_best.txt
set_03,9,2,complete,0,FEASIBLE,16072.547899,14544.565162,4.040156989444444,14544.565162,14544.565162,220.276756,220.392052,9000,100,1800,2026-10-01T03:34:44.263907+00:00,2026-10-01T03:38:24.658292+00:00,/Users/huetran/Tu_paper_HueRepo/instance_hanoi/datasets/hanoi_traffic/Hanoi_selected_20/results/runs_v2_2seeds_start_hours_6h_12h_set_03/set_03/9h/seed_2/output_solution_best.txt
set_03,10,1,complete,0,FEASIBLE,15179.979017,15179.979017,4.216660838055556,15179.979017,15179.979017,198.904621,199.032851,9000,100,1800,2026-10-01T03:16:42.969299+00:00,2026-10-01T03:20:02.005808+00:00,/Users/huetran/Tu_paper_HueRepo/instance_hanoi/datasets/hanoi_traffic/Hanoi_selected_20/results/runs_v2_1seed_start_hours_6h_12h_set_03/set_03/10h/seed_1/output_solution_best.txt
set_03,10,2,complete,0,FEASIBLE,15179.979017,13786.330495,3.8295362486111113,13786.330495,13786.330495,224.616018,224.74195,9000,100,1800,2026-10-01T03:34:44.286794+00:00,2026-10-01T03:38:29.031141+00:00,/Users/huetran/Tu_paper_HueRepo/instance_hanoi/datasets/hanoi_traffic/Hanoi_selected_20/results/runs_v2_2seeds_start_hours_6h_12h_set_03/set_03/10h/seed_2/output_solution_best.txt
set_03,11,1,complete,0,FEASIBLE,15582.258024,15057.059057,4.1825164047222225,15057.059057,15057.059057,201.754355,201.883086,9000,100,1800,2026-10-01T03:16:43.565001+00:00,2026-10-01T03:20:05.452102+00:00,/Users/huetran/Tu_paper_HueRepo/instance_hanoi/datasets/hanoi_traffic/Hanoi_selected_20/results/runs_v2_1seed_start_hours_6h_12h_set_03/set_03/11h/seed_1/output_solution_best.txt
set_03,11,2,complete,0,FEASIBLE,15582.258024,15360.864254,4.2669067372222225,15360.864254,15360.864254,229.086087,229.209477,9000,100,1800,2026-10-01T03:34:47.545620+00:00,2026-10-01T03:38:36.757429+00:00,/Users/huetran/Tu_paper_HueRepo/instance_hanoi/datasets/hanoi_traffic/Hanoi_selected_20/results/runs_v2_2seeds_start_hours_6h_12h_set_03/set_03/11h/seed_2/output_solution_best.txt
set_03,12,1,complete,0,FEASIBLE,15489.284972,14848.61752,4.124615977777777,14848.61752,14848.61752,204.50596,204.61578,9000,100,1800,2026-10-01T03:16:46.613855+00:00,2026-10-01T03:20:11.234095+00:00,/Users/huetran/Tu_paper_HueRepo/instance_hanoi/datasets/hanoi_traffic/Hanoi_selected_20/results/runs_v2_1seed_start_hours_6h_12h_set_03/set_03/12h/seed_1/output_solution_best.txt
set_03,12,2,complete,0,FEASIBLE,15489.284972,15043.303467,4.1786954075,15043.303467,15043.303467,196.322854,196.453441,9000,100,1800,2026-10-01T03:38:14.347563+00:00,2026-10-01T03:41:30.803888+00:00,/Users/huetran/Tu_paper_HueRepo/instance_hanoi/datasets/hanoi_traffic/Hanoi_selected_20/results/runs_v2_2seeds_start_hours_6h_12h_set_03/set_03/12h/seed_2/output_solution_best.txt
