id,name,zone,type,district,lat,lon,x_m,y_m,dronable,demand,drone_service_s,truck_service_s,lw_s,depot_osrm_distance_m,to_depot_osrm_distance_m,road_reachable,osrm_snap_distance_m,source_dataset,original_id,inside_10mile_square
0,depot,,depot,Thanh Xuân - Hoàng Mai,20.977,105.845,0.000000,0.000000,,,,,,,,,,depot,0,
1,WinMart+,C,Siêu thị,Hoàng Mai,20.9687104,105.8800786,3642.049500,-921.761464,1,1.64,60,60,1800,5641.600,6425.700,true,5.351,1000.1,966,true
2,Không có tên,C,Cửa hàng đồ uống,Thanh Xuân,21.0144583,105.8418055,-331.670224,4165.172921,1,1.28,60,60,3600,5134.800,4723.900,true,43.042,1000.1,956,true
3,Trường Mầm Non Hoạ Mi,C,Trường học,Hoàng Mai,20.9529434,105.8351471,-1022.981234,-2674.971872,1,1.81,60,60,3600,3710.500,4481.900,true,6.961,1000.1,928,true
4,WinMart+,C,Siêu thị,Hoàng Mai,20.9561594,105.8480862,320.425934,-2317.368988,1,0.96,60,60,2700,2828.200,3404.700,true,5.742,1000.1,911,true
5,WinMart+,C,Siêu thị,Thanh Xuân,21.0000588,105.7996366,-4709.872922,2564.021575,1,1.59,60,60,1800,8784.600,8243.100,true,18.423,1000.1,996,true
6,WinMart+ [E],E,Siêu thị,Thanh Xuân,21.0058253,105.9122511,6982.372020,3205.227119,1,0.66,60,60,2700,10874.900,11142.100,true,12.069,1000.1,363,true
7,Trường Tiểu học Hoàng Liệt,C,Trường học,Hoàng Mai,20.9665587,105.8386220,-662.198369,-1161.019588,1,0.52,60,60,1800,2096.100,3332.700,true,36.73,1000.1,901,true
8,Điểm xén hè (Cửa hàng xăng dầu số 75) - Số 6 Cầu Dậu,,public_transport:platform,,20.9700569,105.8260889,-1965.660941,-772.905892,1,1.53,60,60,2700,4019.600,3114.500,true,,osm,node:738814966,true
9,WinMart+,C,Siêu thị,Thanh Xuân,20.9740685,105.8412617,-388.130474,-325.967927,1,1.19,60,60,1800,820.700,863.000,true,9.854,1000.1,896,true
10,WinMart+,C,Siêu thị,Thanh Xuân,21.0001781,105.8141164,-3206.501968,2577.287129,1,1.42,60,60,1800,6406.200,6073.700,true,1.621,1000.1,976,true
11,BIDV,,amenity:atm,Hoàng Mai,20.9875925,105.8628817,1858.662862,1179.157100,1,0.93,60,60,2700,3677.500,4292.100,true,,osm,node:1498025854,true
12,Trường Mầm non Định Công (Cơ sở 3),C,Trường học,Hoàng Mai,20.9793961,105.8283929,-1724.238717,266.434164,1,1.15,60,60,1800,3814.000,4241.800,true,16.624,1000.1,929,true
13,Đối diện trụ sở Công an phường Hoàng Liệt - 1277 Giải Phóng,,public_transport:platform,,20.9711310,105.8412698,-387.725116,-653.337080,1,1.22,60,60,2700,1417.200,1156.600,true,,osm,node:1755811863,true
14,Trường Quốc tế Singapore,C,Trường học,Hoàng Mai,20.9696464,105.8749940,3114.138897,-817.683013,1,1.72,60,60,3600,5326.600,6083.700,true,34.733,1000.1,958,true
15,Trường Mầm non Hoa Mai,C,Trường học,Hoàng Mai,20.9798526,105.8492103,437.136060,317.194648,1,1.51,60,60,2700,2137.400,2790.800,true,30.787,1000.1,902,true
16,WinMart+,C,Siêu thị,Hoàng Mai,20.9623445,105.8644825,2022.778257,-1629.617247,1,0.45,60,60,2700,3546.800,5248.800,true,3.107,1000.1,921,true
17,Chợ Mơ - 5 Minh Khai,,public_transport:platform,,20.9961625,105.8506050,582.595913,2133.169500,1,1.38,60,60,3600,3467.000,3395.900,true,,osm,node:738814519,true
18,Tịnh Cafe,C,Cửa hàng đồ uống,Thanh Xuân,21.0034874,105.8107186,-3559.279895,2945.264500,1,1.70,60,60,1800,7478.200,6824.700,true,10.958,1000.1,986,true
19,Cà Phê 3k,C,Cửa hàng đồ uống,Thanh Xuân,20.9724310,105.8214350,-2446.645432,-508.049620,1,1.23,60,60,1800,4016.900,4987.100,true,16.7,1000.1,933,true
20,Agribank - ATM,,amenity:atm,,20.9843910,105.8388519,-639.046911,822.766120,1,0.66,60,60,2700,3106.300,1747.500,true,,osm,node:724829028,true
21,WinMart+,C,Siêu thị,Thanh Xuân,21.0099421,105.8304248,-1513.275897,3662.994393,1,1.37,60,60,3600,6109.000,5582.200,true,5.74,1000.1,971,true
22,Công Ty Du Lịch Great La Vita,,shop:travel_agency,Hoang Mai,20.9640787,105.8304142,-1516.079834,-1438.399116,1,1.13,60,60,3600,3117.600,4227.800,true,,osm,node:3797904542,true
23,Vietinbank - ATM,,amenity:atm,,20.9835011,105.8416065,-352.727784,723.702452,1,0.86,60,60,1800,1927.600,2688.600,true,,osm,node:724829402,true
24,Trường Mầm non Hoàng Liệt (cơ sở Tứ Kỳ),C,Trường học,Hoàng Mai,20.9600576,105.8391042,-612.133764,-1883.908925,1,0.76,60,60,3600,2803.000,3441.400,true,31.669,1000.1,910,true
25,Trường Tiểu học Chu Văn An,C,Trường học,Hoàng Mai,20.9531263,105.8414957,-363.835332,-2654.634320,1,0.52,60,60,1800,3271.400,4042.800,true,41.499,1000.1,916,true
26,Cà Phê Big One,C,Cửa hàng đồ uống,Thanh Xuân,21.0098613,105.8476486,274.991941,3654.009843,1,0.36,60,60,1800,4695.200,4845.300,true,2.06,1000.1,947,true
27,Cafe Dinh,C,Cửa hàng đồ uống,Hoàng Mai,20.9400815,105.8543570,971.494221,-4105.149899,1,0.45,60,60,3600,5505.100,5580.900,true,9.944,1000.1,963,true
28,Eximbank - Atm,,amenity:atm,,20.9965414,105.8426875,-240.366289,2175.348648,1,1.72,60,60,1800,3202.300,2994.400,true,,osm,node:724829542,true
29,Highlands Coffee,C,Cửa hàng đồ uống,Hoàng Mai,20.9651775,105.8329648,-1249.559394,-1314.602020,1,1.30,60,60,1800,2722.700,3902.700,true,14.4,1000.1,908,true
30,The Coffee House,C,Cửa hàng đồ uống,Thanh Xuân,20.9775820,105.7877320,-5945.872719,64.715447,1,1.44,60,60,1800,11416.200,9707.300,true,5.417,1000.2,43,true
31,WinMart+ [W],W,Siêu thị,Hoàng Mai,20.9626526,105.7755360,-7212.127236,-1595.358091,1,0.45,60,60,2700,10277.400,10624.600,true,9.086,1000.1,723,true
32,WinMart+,C,Siêu thị,Thanh Xuân,20.9750659,105.8256365,-2010.423035,-215.062108,1,1.44,60,60,1800,4666.500,4636.500,true,5.568,1000.1,946,true
33,Nhận Chở Hàng 0983 420420,,amenity:parking,Thanh Xuân,20.9820138,105.8353257,-1005.567822,558.136216,1,1.11,60,60,3600,2582.700,2988.700,true,,osm,node:3933490776,true
34,Trường Mầm non Lĩnh Nam (cơ sở 2),C,Trường học,Hoàng Mai,20.9864265,105.8861812,4275.654355,1048.178976,1,0.29,60,60,2700,6447.100,8210.000,true,36.225,1000.1,977,true
35,Siêu thị B11 Kim Liên,C,Siêu thị,Thanh Xuân,21.0075497,105.8351300,-1024.756648,3396.971651,1,0.63,60,60,2700,5603.600,4663.200,true,7.839,1000.1,964,true
36,Vietcombank,,amenity:atm,Hoàng Mai,20.9681919,105.8271400,-1856.407317,-980.517692,1,0.55,60,60,3600,3351.300,3053.900,true,,osm,node:1491047941,true
37,Trường Mầm non Văn Đức (điểm Chử Xá) [W],W,Trường học,Hoàng Mai,20.9337453,105.7984638,-4831.639345,-4809.703194,1,0.47,60,60,2700,9105.200,11579.400,true,12.561,1000.1,776,true
38,Trường Mầm non Lĩnh Nam (cơ sở 2) [W],W,Trường học,Hoàng Mai,20.9803687,105.7816386,-6578.522381,374.582349,1,1.84,60,60,1800,10844.100,11833.100,true,8.148,1000.1,741,true
39,WinMart+,C,Siêu thị,Thanh Xuân,21.0029768,105.8344506,-1095.295622,2888.488370,1,1.94,60,60,1800,4725.800,4309.300,true,3.103,1000.1,950,true
40,WinMart+,C,Siêu thị,Hoàng Mai,20.9856383,105.8760318,3221.888892,960.535135,1,1.99,60,60,2700,4483.300,5117.300,true,6.905,1000.1,940,true
41,Trường Mầm non Kim Lan [W],W,Trường học,Hoàng Mai,20.9559994,105.7984144,-4836.768320,-2335.160176,1,0.34,60,60,3600,7469.700,9943.800,true,54.653,1000.1,772,true
42,Co.opmart [E],E,Siêu thị,Thanh Xuân,20.9764960,105.9172207,7498.342702,-56.042243,1,0.89,60,60,1800,14082.300,15686.200,true,2.602,1000.1,352,true
43,Trường Mầm non Tứ Hiệp (điểm Đồng Trì) [N],N,Trường học,Hoàng Mai,21.0427644,105.8730134,2908.502319,7312.667634,1,0.96,60,60,3600,11093.900,12763.500,true,23.716,1000.1,84,true
44,Quan an Nam Nhu 1 [W],W,Cửa hàng ăn uống,Hoàng Mai,20.9685702,105.7775545,-7002.555676,-937.350993,1,1.88,60,60,3600,9964.200,9903.100,true,27.478,1000.1,725,true
45,WinMart+,C,Siêu thị,Thanh Xuân,21.0065803,105.8150887,-3105.552537,3289.179289,1,0.45,60,60,1800,6544.000,5858.200,true,3.616,1000.1,979,true
46,Trường Tiểu học Chu Văn An,C,Trường học,Hoàng Mai,20.9591300,105.8227787,-2307.135249,-1987.053339,1,1.34,60,60,3600,4707.300,4455.000,true,47.389,1000.1,948,true
47,Siêu thị Đức Thành,C,Siêu thị,Hoàng Mai,20.9833531,105.8523693,765.120483,706.432488,1,1.63,60,60,2700,1886.400,2875.600,true,12.622,1000.1,900,true
48,WinMart+,C,Siêu thị,Thanh Xuân,21.0009096,105.8454402,45.703939,2658.626218,1,0.45,60,60,2700,3628.600,3856.000,true,10.443,1000.1,924,true
49,Hội đồng nhân dân - Ủy ban nhân dân phường Thanh Liệt,C,Uỷ ban nhân dân,Thanh Xuân,20.9801192,105.8058479,-4064.982246,346.839215,1,1.73,60,60,1800,7547.800,5936.900,true,13.253,1000.1,987,true
50,Trường Trung học cơ sở Văn Đức [NW],NW,Trường học,Hoàng Mai,21.0450725,105.7939565,-5299.611548,7569.316644,1,0.44,60,60,3600,12244.600,11868.900,true,9.46,1000.1,892,true
51,WinMart+,C,Siêu thị,Hoàng Mai,20.9856060,105.8578995,1339.295682,956.943539,1,1.54,60,60,1800,2701.400,3314.100,true,1.456,1000.1,907,true
52,Trường Mầm non Kim Lan,C,Trường học,Hoàng Mai,20.9620572,105.9029570,6017.408416,-1661.563550,1,1.73,60,60,2700,17043.700,18647.600,true,22.269,1000.2,108,true
53,Trường Mầm non Văn Đức (điểm Chử Xá) [NW],NW,Trường học,Hoàng Mai,21.0418534,105.7984638,-4831.639345,7211.369056,1,1.69,60,60,3600,11567.900,11298.600,true,55.305,1000.1,894,true
54,Không có tên,,amenity:parking_space,,20.9820376,105.8353420,-1003.873565,560.785632,1,1.21,60,60,1800,2580.400,2986.400,true,,osm,node:3933486157,true
55,Không có tên,C,Uỷ ban nhân dân,Thanh Xuân,20.9988413,105.8400599,-512.907834,2428.641751,1,1.56,60,60,2700,3696.000,3141.400,true,32.552,1000.1,927,true
56,Nhà NƠ. 7B KĐT Linh Đàm,,public_transport:platform,,20.9635467,105.8304947,-1507.712489,-1497.621356,1,1.25,60,60,2700,3302.300,4246.800,true,,osm,node:738814934,true
57,Đảng uỷ - HĐND - UBND phường Thanh Xuân,C,Uỷ ban nhân dân,Thanh Xuân,20.9947377,105.7997065,-4702.615527,1972.342250,1,0.55,60,60,3600,8857.100,7967.800,true,33.69,1000.1,997,true
58,Noble Moment,C,Cửa hàng đồ uống,Thanh Xuân,21.0099240,105.8029594,-4364.881900,3660.981765,1,1.32,60,60,1800,7964.100,8059.700,true,8.109,1000.1,992,true
59,WinMart+,C,Siêu thị,Thanh Xuân,20.9931445,105.8365312,-879.276505,1795.186493,1,0.44,60,60,3600,3647.400,4095.100,true,3.46,1000.1,925,true
60,Trường Mầm non Tứ Hiệp (điểm Cổ Điển B) [N],N,Trường học,Hoàng Mai,21.0469486,105.8657703,2156.484601,7777.929446,1,0.87,60,60,3600,12790.700,11893.900,true,0.111,1000.1,66,true
61,Coffee Cây,C,Cửa hàng đồ uống,Thanh Xuân,21.0081670,105.8201771,-2577.247397,3465.612279,1,0.35,60,60,3600,6280.000,6423.000,true,4.217,1000.1,974,true
62,WinMart+,C,Siêu thị,Hoàng Mai,20.9789455,105.8863593,4294.145658,216.329730,1,0.37,60,60,2700,5631.100,7155.800,true,7.399,1000.1,965,true
63,Trung tâm Công nghệ Phần mềm Thủy lợi,C,Uỷ ban nhân dân,Thanh Xuân,21.0088849,105.8252199,-2053.676695,3545.439117,1,1.06,60,60,1800,6378.300,5509.500,true,1.671,1000.1,975,true
64,WinMart+ [E],E,Siêu thị,Thanh Xuân,20.9839367,105.9172143,7497.678220,771.325848,1,0.29,60,60,3600,13207.400,14811.300,true,12.302,1000.1,353,true
65,Trường Trung học cơ sở Văn Đức [N],N,Trường học,Hoàng Mai,21.0450725,105.9097381,6721.458802,7569.316644,1,0.23,60,60,1800,11680.600,12649.900,true,21.902,1000.1,116,true
66,Trường Mầm non Yên Mỹ [N],N,Trường học,Hoàng Mai,21.0446229,105.8825014,3893.597667,7519.323405,1,1.04,60,60,3600,12141.900,13081.800,true,3.226,1000.1,90,true
67,Cửa Hàng Tiện Lợi BV Mart,C,Siêu thị,Thanh Xuân,20.9790881,105.7960698,-5080.197341,232.186126,1,0.35,60,60,2700,10513.600,7368.800,true,7.03,1000.2,117,true
68,WinMart+ [W],W,Siêu thị,Hoàng Mai,20.9728877,105.7818167,-6560.031078,-457.266897,1,1.60,60,60,2700,9553.100,9205.500,true,25.877,1000.1,738,true
69,Quan an Nam Nhu 1,C,Cửa hàng ăn uống,Hoàng Mai,20.9746280,105.8820971,3851.621060,-263.754366,1,1.23,60,60,1800,6051.100,6808.800,true,8.007,1000.1,969,true
70,196 Giải Phóng - Ngân hàng Nông nghiệp & PTNT Chi nhánh Nam Hà Nội,,public_transport:platform,,20.9931589,105.8410375,-411.870884,1798.808748,1,1.45,60,60,1800,3635.300,2362.500,true,,osm,node:738813232,true
71,Trường Mầm non Yên Mỹ,C,Trường học,Hoàng Mai,20.9425726,105.8712624,2726.704053,-3828.152218,1,0.36,60,60,1800,7871.500,9113.100,true,27.91,1000.1,991,true
72,Không có tên,C,Cửa hàng đồ uống,Thanh Xuân,21.0055089,105.8457566,78.554294,3170.045044,1,1.94,60,60,3600,4567.000,4431.300,true,7.864,1000.1,942,true
73,Trường Trung học cơ sở Yên Mỹ,C,Trường học,Hoàng Mai,20.9476567,105.8713580,2736.629761,-3262.826091,1,1.48,60,60,2700,8161.600,9403.200,true,32.236,1000.1,993,true
74,WinMart+,C,Siêu thị,Thanh Xuân,20.9962878,105.8267827,-1891.418368,2144.705506,1,1.77,60,60,1800,4429.600,4879.200,true,5.253,1000.1,938,true
75,Cà Phê Parkland,C,Cửa hàng đồ uống,Thanh Xuân,20.9867346,105.8322499,-1323.784168,1082.438133,1,1.55,60,60,2700,2956.600,3360.000,true,15.638,1000.1,913,true
76,WinMart+,C,Siêu thị,Thanh Xuân,20.9941320,105.8148679,-3128.477184,1904.991483,1,1.46,60,60,1800,6147.800,6332.700,true,6.256,1000.1,972,true
77,Cua Hang Xang Dau 54,,amenity:fuel,,20.9949588,105.8499938,519.066453,1999.173616,1,1.73,60,60,3600,2622.500,3226.600,true,,osm,node:729787543,true
78,Everything Coffee 'N Bagel,C,Cửa hàng đồ uống,Thanh Xuân,21.0041513,105.7946006,-5232.737611,3019.086812,1,0.30,60,60,1800,9595.300,9432.300,true,8.993,1000.2,12,true
79,BIDV,,amenity:atm,Hoàng Mai,20.9578730,105.8428990,-218.382518,-2129.217640,1,1.70,60,60,3600,2693.800,2640.800,true,,osm,node:1498025690,true
80,siêu thị 24h ninja mark,C,Siêu thị,Thanh Xuân,20.9829490,105.8099270,-3641.468078,661.498619,1,1.82,60,60,3600,5674.600,6662.900,true,10.671,1000.1,967,true
81,Không có tên,C,Trường học,Hoàng Mai,20.9737377,105.8683841,2427.863418,-362.751209,1,1.28,60,60,3600,4483.500,3403.500,true,30.686,1000.1,941,true
82,WinMart+,C,Siêu thị,Hoàng Mai,20.9678793,105.8450244,2.533340,-1014.175567,1,1.82,60,60,3600,1101.200,1101.200,true,1.768,1000.1,897,true
83,WinMart+,C,Siêu thị,Thanh Xuân,20.9899945,105.7901937,-5690.285744,1444.922474,1,0.25,60,60,1800,9503.300,10064.400,true,5.001,1000.2,30,true
84,WinMart+,C,Siêu thị,Thanh Xuân,20.9887063,105.8012158,-4545.911858,1301.681170,1,0.55,60,60,2700,9369.000,7736.100,true,3.937,1000.2,4,true
85,Trường Tiểu học Tam Hiệp,C,Trường học,Hoàng Mai,20.9501409,105.8308462,-1469.523875,-2986.595654,1,1.51,60,60,3600,4611.100,6556.400,true,9.465,1000.1,945,true
86,Starbucks [E],E,Cửa hàng đồ uống,Thanh Xuân,20.9811356,105.9130793,7068.360212,459.857739,1,1.57,60,60,2700,14048.400,15652.300,true,11.458,1000.1,358,true
87,Trường Trung học cơ sở Văn Đức,C,Trường học,Hoàng Mai,20.9430222,105.8984991,5554.565188,-3778.158979,1,2.00,60,60,1800,19223.300,20827.200,true,46.157,1000.2,9,true
88,MM Mega Market Hoàng Mai,C,Siêu thị,Hoàng Mai,20.9695151,105.8660782,2188.452440,-832.282906,1,0.71,60,60,1800,4715.100,5168.200,true,56.236,1000.1,949,true
89,AEON MaxValu Linh Đàm,C,Siêu thị,Hoàng Mai,20.9640845,105.8230327,-2280.763599,-1436.138075,1,2.00,60,60,1800,4115.600,3900.100,true,14.313,1000.1,935,true
90,Cua Hang Xang Dau So 53 (Petrolimex),,amenity:fuel,,20.9891791,105.8414483,-369.171437,1355.777412,1,0.77,60,60,3600,2331.900,2033.100,true,,osm,node:729787484,true
91,WinMart+,C,Siêu thị,Thanh Xuân,20.9791093,105.8158356,-3028.005349,234.543459,1,1.28,60,60,1800,5317.800,5075.800,true,4.405,1000.1,957,true
92,Trường Mầm Non Đại Từ,C,Trường học,Hoàng Mai,20.9705220,105.8312839,-1424.079500,-720.320735,1,1.08,60,60,1800,2790.300,2649.100,true,15.185,1000.1,909,true
93,WinMart+ [E],E,Siêu thị,Thanh Xuân,21.0032222,105.9201134,7798.678422,2915.775605,1,1.38,60,60,1800,11166.800,12755.000,true,17.315,1000.1,361,true
94,Delícia Coffee & Lounge,C,Cửa hàng đồ uống,Thanh Xuân,20.9751840,105.8119491,-3431.522747,-201.929987,1,1.73,60,60,2700,5754.500,4883.700,true,12.002,1000.1,968,true
95,Trường Mầm non Thịnh Liệt (cơ sở Giáp Nhị),C,Trường học,Hoàng Mai,20.9750164,105.8494000,456.831738,-220.566256,1,1.20,60,60,2700,1550.300,1885.100,true,21.936,1000.1,899,true
96,Công Ty TNHH Hoa Vĩ,,office:company,Hoàng Mai,20.9711449,105.8378891,-739.122441,-651.789732,1,1.15,60,60,1800,2680.100,2240.300,true,,osm,node:3809480794,true
97,WinMart+,C,Siêu thị,Hoàng Mai,20.9526641,105.8520574,732.737342,-2706.028615,1,0.94,60,60,3600,3827.900,4335.400,true,14.459,1000.1,930,true
98,Số 36 Kim Đồng,,public_transport:platform,,20.9835107,105.8443947,-62.916201,724.771124,1,0.65,60,60,1800,1287.700,2398.300,true,,osm,node:4405443689,true
99,Cục Tần số vô tuyến điện,C,Uỷ ban nhân dân,Thanh Xuân,21.0086620,105.7982264,-4856.287494,3520.653767,1,1.93,60,60,1800,9118.900,8288.200,true,37.839,1000.1,999,true
100,WinMart+,C,Siêu thị,Hoàng Mai,20.9878361,105.8516807,693.626316,1204.919345,1,1.17,60,60,3600,2244.600,2848.600,true,1.454,1000.1,903,true
101,WinMart+,C,Siêu thị,Thanh Xuân,21.0092800,105.7930928,-5389.285542,3589.372232,1,1.02,60,60,1800,9469.900,9056.300,true,14.687,1000.2,35,true
102,WinMart+,C,Siêu thị,Thanh Xuân,20.9783869,105.8364337,-889.399481,154.216244,1,1.55,60,60,3600,3102.100,2922.300,true,14.25,1000.1,915,true
103,Cục Sở hữu Trí tuệ,C,Uỷ ban nhân dân,Thanh Xuân,20.9938917,105.8054733,-4103.875239,1878.271342,1,0.28,60,60,2700,7685.700,8079.400,true,46.461,1000.1,989,true
104,Quán Thị Mẹt,,amenity:restaurant,Trương ĐỊnh,20.9969779,105.8459666,100.470510,2223.939828,1,1.34,60,60,3600,3185.400,3412.800,true,,osm,node:3684899299,true
105,BIDV,,amenity:atm,,20.9704262,105.8416137,-351.979401,-731.795416,1,1.00,60,60,2700,1351.300,1258.500,true,,osm,node:724829422,true
106,Siêu Thị T-Mart,C,Siêu thị,Thanh Xuân,20.9713145,105.8361596,-917.858022,-632.198755,1,0.53,60,60,2700,2268.200,2078.100,true,24.23,1000.1,904,true
107,Đối diện Bến xe Giáp Bát - Giải Phóng (cột trước),,public_transport:platform,,20.9796615,105.8408430,-432.087638,296.278180,1,1.18,60,60,3600,2247.000,868.000,true,,osm,node:738814324,true
108,WinMart+,C,Siêu thị,Thanh Xuân,21.0118831,105.7852305,-6205.591945,3878.823746,1,1.23,60,60,2700,10800.700,10238.000,true,6.924,1000.2,78,true
109,Không có tên,C,Cửa hàng đồ uống,Hoàng Mai,20.9879554,105.8634234,1912.816782,1218.184899,1,1.05,60,60,1800,3563.600,4178.300,true,1.046,1000.1,922,true
110,WinMart+,C,Siêu thị,Thanh Xuân,20.9940532,105.8422004,-290.669576,1896.229323,1,0.47,60,60,2700,2919.800,2690.900,true,10.798,1000.1,912,true
111,Chợ Trung Kính,C,Chợ dân sinh,Thanh Xuân,21.0132259,105.7992969,-4745.142409,4028.136293,1,0.84,60,60,2700,8415.900,8476.800,true,15.771,1000.1,994,true
112,WinMart+,C,Siêu thị,Thanh Xuân,20.9967647,105.7941461,-5279.926253,2197.734367,1,0.32,60,60,3600,9644.900,8951.100,true,4.74,1000.2,34,true
113,197 Đại La - Qua Phố Vọng,,public_transport:platform,,20.9969730,105.8434990,-156.017211,2223.394360,1,1.61,60,60,2700,3428.100,3525.900,true,,osm,node:738815658,true
114,Co.opmart,C,Siêu thị,Thanh Xuân,20.9825538,105.7902001,-5689.621262,617.554384,1,1.52,60,60,3600,9458.700,9120.600,true,26.095,1000.2,19,true
115,BIDV,,amenity:atm,Hoàng Mai,20.9706579,105.8417882,-333.841490,-706.002572,1,0.51,60,60,2700,1381.700,1288.900,true,,osm,node:1498025694,true
116,WinMart+,C,Siêu thị,Hoàng Mai,20.9670017,105.8704372,2641.027337,-1111.760235,1,1.37,60,60,2700,5370.100,4921.000,true,3.717,1000.1,959,true
117,Công Ty CP Đầu Tư và Công Nghệ Trường Minh Phát,,office:company,,20.9852280,105.8528714,818.170468,915.940960,1,1.51,60,60,2700,2386.100,2999.700,true,,osm,node:2562555366,true
118,Everything Coffee 'N Bagel [E],E,Cửa hàng đồ uống,Thanh Xuân,20.9980935,105.9216212,7955.226353,2345.490185,1,0.69,60,60,2700,11672.800,13262.600,true,58.052,1000.1,357,true
119,Techcombank - ATM,,amenity:atm,,20.9950990,105.8500099,520.739923,2014.780680,1,1.66,60,60,1800,2622.700,3226.800,true,,osm,node:724829032,true
120,Pizza Hut,,amenity:restaurant,Hoàng Mai,20.9804803,105.8447867,-22.170867,387.426996,1,1.23,60,60,1800,878.400,2251.700,true,,osm,node:4091988292,true
121,WinMart+,C,Siêu thị,Thanh Xuân,21.0042514,105.8394943,-571.631477,3030.217424,1,1.38,60,60,2700,4183.200,3766.700,true,4.323,1000.1,936,true
122,BIDV,,amenity:atm,Thanh Xuân,20.9848707,105.8385940,-665.853599,876.166324,1,1.35,60,60,3600,3236.300,1813.000,true,,osm,node:1498025701,true
123,Cục Dự trữ Nhà nước khu vực Hà Nội,C,Uỷ ban nhân dân,Thanh Xuân,20.9897784,105.8399155,-527.900221,1420.893251,1,0.67,60,60,3600,3014.100,2334.300,true,19.873,1000.1,914,true
124,TK mark,C,Chợ dân sinh,Thanh Xuân,20.9891267,105.8080635,-3834.946701,1348.427517,1,1.82,60,60,2700,6722.400,7531.000,true,5.672,1000.1,980,true
125,Trường Trung học cơ sở Lĩnh Nam [W],W,Trường học,Hoàng Mai,20.9797183,105.7865470,-6068.905812,302.261169,1,1.34,60,60,3600,9959.100,12004.300,true,26.904,1000.1,751,true
126,Chợ Nhân Chính,C,Chợ dân sinh,Thanh Xuân,20.9983875,105.8093027,-3706.286272,2378.181494,1,1.66,60,60,2700,7076.400,6910.500,true,12.5,1000.1,983,true
127,Starbucks,C,Cửa hàng đồ uống,Thanh Xuân,21.0053804,105.8056588,-4084.615629,3155.756496,1,0.33,60,60,2700,7832.400,7516.200,true,32.436,1000.1,990,true
128,Trường Quốc tế Singapore [W],W,Trường học,Hoàng Mai,20.9635886,105.7704514,-7740.037839,-1491.279639,1,0.66,60,60,1800,11691.000,11217.200,true,11.398,1000.1,710,true
129,WinMart+ [W],W,Siêu thị,Hoàng Mai,20.9795805,105.7714892,-7632.287845,286.938508,1,0.26,60,60,3600,12690.500,12182.300,true,42.246,1000.1,713,true
130,WinMart+,C,Siêu thị,Thanh Xuân,20.9833169,105.8209368,-2498.371244,702.407232,1,0.45,60,60,1800,4606.100,4786.700,true,6.216,1000.1,944,true
131,Starbucks,C,Cửa hàng đồ uống,Thanh Xuân,20.9871934,105.7860587,-6119.603752,1133.454365,1,0.59,60,60,2700,10845.800,11683.200,true,13.573,1000.2,71,true
132,BIDV,,amenity:bank,Hoàng Mai,20.9914116,105.8445398,-47.834191,1604.299312,1,0.54,60,60,2700,2265.400,2869.400,true,,osm,node:1498025954,true
133,Bưu điện Trung tâm 6 - Bưu điện TP. Hà Nội,,amenity:post_office,,20.9832502,105.8414593,-368.028073,695.772264,1,1.44,60,60,1800,1931.100,2736.400,true,,osm,node:1755806889,true
134,Phường Ô Chợ Dừa [S],S,Chợ dân sinh,Thanh Xuân,20.9070029,105.8349307,-1045.449050,-7783.322400,1,1.28,60,60,2700,10814.100,10942.300,true,17.634,1000.1,519,true
135,Cua Hang Xang Dau Thanh Huy,,amenity:fuel,,20.9634233,105.8423173,-278.845684,-1511.358244,1,1.03,60,60,3600,2520.200,2104.700,true,,osm,node:729787536,true
136,Trường Mầm non Đại Thanh,C,Trường học,Hoàng Mai,20.9441227,105.8424059,-269.333457,-3655.788962,1,0.88,60,60,2700,4476.500,4610.900,true,39.406,1000.1,939,true
137,Trung tâm Hỗ trợ doanh nghiệp Hà Nội,C,Uỷ ban nhân dân,Thanh Xuân,21.0137094,105.7903883,-5670.081322,4081.899040,1,0.72,60,60,3600,9571.500,9470.300,true,23.983,1000.2,18,true
138,Đối diện đài tưởng niệm chủ tịch HCM - đường Nguyễn Hữu Thọ,,public_transport:platform,,20.9696069,105.8309754,-1457.747483,-822.999892,1,1.08,60,60,2700,2849.200,2850.400,true,,osm,node:738814832,true
139,Saigon Bank - ATM,,amenity:atm,,20.9839149,105.8415180,-361.926667,769.766668,1,1.11,60,60,2700,1728.100,2050.400,true,,osm,node:724829122,true
140,Cửa Hàng Tiện Ích Bảo Long,,shop:supermarket,Hoàng Mai,20.9648945,105.8320905,-1341.841560,-1347.584260,1,1.48,60,60,2700,2809.000,3989.100,true,,osm,node:3799178113,true
141,Saigon Bank - ATM,,amenity:atm,,20.9705014,105.8416039,-352.998034,-723.424152,1,0.60,60,60,1800,1365.700,1272.800,true,,osm,node:724829143,true
142,Trường Đại học Công nghệ và Quản lý Hữu Nghị,C,Trường học,Hoàng Mai,20.9828041,105.8653503,2112.877935,645.386474,1,0.64,60,60,1800,3625.400,4274.800,true,35.69,1000.1,923,true
143,WinMart+ [W],W,Siêu thị,Hoàng Mai,20.9764416,105.7773799,-7020.683590,-62.091247,1,0.93,60,60,2700,10195.400,10270.500,true,4.396,1000.1,726,true
144,WinMart+,C,Siêu thị,Thanh Xuân,20.9823082,105.8332705,-1217.819970,590.244910,1,0.27,60,60,1800,2655.200,2994.900,true,5.746,1000.1,906,true
145,Cafe Dinh [N],N,Cửa hàng đồ uống,Hoàng Mai,21.0421318,105.8655960,2138.387835,7242.325723,1,1.31,60,60,3600,10532.500,11503.500,true,6.492,1000.1,80,true
146,SHB - ATM,,amenity:atm,,20.9903361,105.8414590,-368.059256,1484.574652,1,1.84,60,60,1800,2459.900,2434.300,true,,osm,node:724829128,true
147,Trường Mầm non Văn Đức (điểm Chử Xá),C,Trường học,Hoàng Mai,20.9398031,105.9030064,6022.537391,-4136.106567,1,0.75,60,60,3600,19565.300,21628.500,true,16.53,1000.2,67,true
148,Cà Phê KOK,C,Cửa hàng đồ uống,Thanh Xuân,20.9839177,105.8155864,-3053.878637,769.213144,1,1.84,60,60,1800,5456.700,5311.800,true,0.784,1000.1,961,true
149,Chợ Xanh Văn Quán,C,Chợ dân sinh,Thanh Xuân,20.9742689,105.7914454,-5560.327497,-303.684464,1,0.23,60,60,1800,9590.600,10366.500,true,7.718,1000.2,84,true
150,Trường Đại học Kinh tế - Kỹ thuật Công nghiệp (cơ sở 218 Lĩnh Nam) [W],W,Trường học,Hoàng Mai,20.9739263,105.7710477,-7678.126756,-341.779846,1,1.25,60,60,2700,10985.300,10785.900,true,9.477,1000.1,708,true
151,Trường Mầm non Văn Đức (điểm Chử Xá) [N],N,Trường học,Hoàng Mai,21.0418534,105.9142454,7189.431005,7211.369056,1,1.05,60,60,2700,12507.300,13358.600,true,92.72,1000.1,118,true
152,BIDV,,amenity:atm,Hoàng Mai,20.9633030,105.8304590,-1511.423225,-1524.750040,1,1.75,60,60,1800,3304.400,4329.900,true,,osm,node:1498025691,true
153,Trường mầm non Vườn Hồng,C,Trường học,Hoàng Mai,20.9828898,105.8439724,-106.690976,654.915879,1,1.58,60,60,2700,1204.300,2526.800,true,12.486,1000.1,898,true
154,WinMart+ [E],E,Siêu thị,Thanh Xuân,20.9907069,105.9211667,7908.037711,1524.137740,1,0.78,60,60,1800,12671.500,13797.100,true,8.312,1000.1,351,true
155,66 Đại La,,public_transport:platform,,20.9963592,105.8481783,330.359427,2155.066144,1,0.60,60,60,3600,2912.100,3649.100,true,,osm,node:738813564,true
156,Taste Tea,C,Cửa hàng đồ uống,Thanh Xuân,21.0117444,105.8368942,-841.587887,3863.401009,1,0.73,60,60,1800,5100.700,4686.200,true,17.127,1000.1,953,true
157,Bến Xe Bus Mai Động,,amenity:bus_station,,20.9833300,105.8631050,1881.873151,704.655600,1,1.16,60,60,3600,3028.600,3738.900,true,,osm,node:4272697291,true
158,Trung tâm Hỗ trợ doanh nghiệp Hà Nội [E],E,Uỷ ban nhân dân,Thanh Xuân,21.0076516,105.9174089,7517.882642,3408.302414,1,0.50,60,60,3600,11554.800,13143.000,true,33.327,1000.1,362,true
159,Trường Mầm non Đại Thanh [N],N,Trường học,Hoàng Mai,21.0461730,105.8536449,897.560157,7691.686661,1,1.11,60,60,1800,14000.100,12338.900,true,5.459,1000.1,64,true
160,WinMart+ [N],N,Siêu thị,Hoàng Mai,21.0430343,105.8573412,1281.329964,7342.679145,1,1.89,60,60,1800,14673.200,13012.000,true,1.178,1000.1,73,true
161,WinMart+,C,Siêu thị,Thanh Xuân,20.9878691,105.8128848,-3334.373325,1208.588777,1,1.31,60,60,1800,6062.700,7032.800,true,7.29,1000.1,970,true
162,658 Trương Định,,public_transport:platform,,20.9812552,105.8452550,26.505256,473.688864,1,0.53,60,60,2700,965.800,2157.300,true,,osm,node:738814297,true
163,Techcombank - ATM,,amenity:atm,,20.9903142,105.8414577,-368.194381,1482.136744,1,0.78,60,60,3600,2457.400,2436.800,true,,osm,node:724829222,true
164,Phường Ô Chợ Dừa,C,Chợ dân sinh,Thanh Xuân,21.0211688,105.8236917,-2212.342664,4911.346476,1,0.28,60,60,2700,6877.200,6414.100,true,6.499,1000.1,982,true
165,Chợ Xanh Văn Quán [E],E,Chợ dân sinh,Thanh Xuân,20.9682111,105.9184660,7627.636467,-977.281091,1,0.65,60,60,2700,14761.900,16406.700,true,35.679,1000.1,349,true
166,Ga Giáp Bát - Đối diện 1035 Giải Phóng,,public_transport:platform,,20.9763184,105.8407699,-439.685811,-75.875712,1,0.82,60,60,3600,1276.400,1277.300,true,,osm,node:738813337,true
167,5050 Rooftop Cafe & Pub,C,Cửa hàng đồ uống,Thanh Xuân,20.9839071,105.7998148,-4691.371237,768.034478,1,1.37,60,60,2700,9313.800,6925.900,true,17.764,1000.1,1000,true
168,Công ty biến thế ABB - Ngọc Hồi,,public_transport:platform,,20.9579653,105.8428638,-222.041283,-2118.942804,1,0.96,60,60,1800,2704.500,2630.000,true,,osm,node:1927591119,true
169,WinMart+,C,Siêu thị,Thanh Xuân,20.9880596,105.7961943,-5067.271079,1229.771411,1,0.69,60,60,3600,8722.100,8430.900,true,3.184,1000.1,995,true
170,Trường Mầm non Sao Mai,C,Trường học,Hoàng Mai,20.9847216,105.8267185,-1898.083958,858.602746,1,0.53,60,60,3600,3386.400,3766.900,true,4.131,1000.1,919,true
171,Trường Cao đẳng Hà Nội,C,Trường học,Hoàng Mai,20.9479848,105.8213037,-2460.277707,-3226.343036,1,1.91,60,60,2700,6838.900,6971.600,true,21.984,1000.1,981,true
172,WinMart+,C,Siêu thị,Thanh Xuân,20.9966548,105.8219040,-2397.951322,2185.514044,1,1.85,60,60,3600,5132.400,5478.900,true,7.175,1000.1,955,true
173,Đối diện Bến xe Nước ngầm Hà Nội - Ngọc Hồi (cột trước),,public_transport:platform,,20.9642930,105.8418212,-330.411399,-1414.543240,1,1.14,60,60,2700,1817.900,2695.000,true,,osm,node:738813325,true
174,Kho bạc Nhà nước Đống Đa,C,Uỷ ban nhân dân,Thanh Xuân,21.0142447,105.8263636,-1934.931591,4141.421684,1,0.49,60,60,3600,7306.000,6313.200,true,11.053,1000.1,985,true
175,WinMart+,C,Siêu thị,Thanh Xuân,20.9904183,105.8176043,-2844.369373,1492.046884,1,0.25,60,60,2700,5487.000,6622.300,true,6.379,1000.1,962,true
176,Không có tên,C,Trường học,Hoàng Mai,20.9579729,105.8318694,-1363.289731,-2115.716989,1,0.82,60,60,3600,3405.800,4044.200,true,35.872,1000.1,920,true
177,WinMart+,C,Siêu thị,Hoàng Mai,20.9820477,105.8705681,2654.618081,561.278631,1,0.99,60,60,3600,3946.800,4590.900,true,6.643,1000.1,932,true
178,WinMart+,C,Siêu thị,Thanh Xuân,21.0114072,105.8087605,-3762.580401,3825.906080,1,1.92,60,60,3600,7210.900,6740.200,true,9.48,1000.1,984,true
179,WinMart+,C,Siêu thị,Hoàng Mai,20.9770184,105.8925520,4937.105182,2.045987,1,0.22,60,60,2700,6265.300,7853.900,true,4.293,1000.1,973,true
180,Trường Tiểu học Đại Kim,C,Trường học,Hoàng Mai,20.9780535,105.8219244,-2395.833284,117.143855,1,1.02,60,60,3600,4567.300,4325.300,true,44.188,1000.1,943,true
181,WinMart+,C,Siêu thị,Thanh Xuân,20.9847441,105.8388667,-636.792295,861.104631,1,0.43,60,60,3600,3308.800,1748.200,true,7.4,1000.1,917,true
182,KFC,C,Cửa hàng ăn uống,Hoàng Mai,20.9678334,105.8268338,-1886.112890,-1019.279415,1,0.48,60,60,2700,3333.700,3036.300,true,17.738,1000.1,918,true
183,Trường Mầm non Tứ Hiệp (điểm Cổ Điển B),C,Trường học,Hoàng Mai,20.9448983,105.8545313,989.590987,-3569.546177,1,1.72,60,60,1800,4415.900,5014.600,true,21.45,1000.1,937,true
184,The Coffee House [E],E,Cửa hàng đồ uống,Thanh Xuân,20.9715242,105.9147526,7242.091245,-608.881179,1,0.80,60,60,2700,14993.800,16597.700,true,7.547,1000.1,355,true
185,Trường Đại học Kinh tế - Kỹ thuật Công nghiệp (cơ sở 218 Lĩnh Nam),C,Trường học,Hoàng Mai,20.9799841,105.8755903,3176.049980,331.816781,1,1.87,60,60,3600,5396.100,6030.100,true,13.84,1000.1,960,true
186,Trường Trung học cơ sở Văn Đức [W],W,Trường học,Hoàng Mai,20.9369644,105.7939565,-5299.611548,-4451.755605,1,1.50,60,60,3600,11721.700,11395.200,true,0.861,1000.1,774,true
187,Đối diện 303 Tam Trinh,,public_transport:platform,,20.9876177,105.8633553,1907.889878,1181.962364,1,0.68,60,60,2700,3527.100,4141.800,true,,osm,node:738815021,true
188,Nha khoa Gia Phuong,,amenity:doctors,,20.9716686,105.8469294,200.546040,-593.491448,1,1.00,60,60,1800,739.300,739.300,true,,osm,node:4282612490,true
189,UBND phường Khương Thượng,C,Uỷ ban nhân dân,Thanh Xuân,21.0022527,105.8256270,-2011.409377,2807.972124,1,0.79,60,60,3600,5028.900,6355.300,true,21.139,1000.1,951,true
190,WinMart+,C,Siêu thị,Hoàng Mai,20.9824994,105.8819225,3833.493146,611.505380,1,0.58,60,60,1800,5105.900,5739.800,true,8.204,1000.1,954,true
191,Không có tên,C,Trường học,Hoàng Mai,20.9634078,105.8278674,-1778.798962,-1511.383682,1,1.80,60,60,3600,4113.000,3815.700,true,27.273,1000.1,934,true
192,Trường Trung học cơ sở Lĩnh Nam,C,Trường học,Hoàng Mai,20.9857761,105.8910896,4785.270924,975.857796,1,1.97,60,60,2700,6447.700,8215.200,true,59.921,1000.1,978,true
193,Đối diện cổng phụ Bệnh viện đa khoa y học cổ truyền,,public_transport:platform,,20.9728461,105.8248002,-2099.611227,-462.412148,1,1.49,60,60,1800,3790.500,3548.400,true,,osm,node:738814333,true
194,WinMart+ [W],W,Siêu thị,Hoàng Mai,20.9709606,105.7880094,-5917.071555,-671.550640,1,0.85,60,60,1800,9206.300,9165.100,true,2.432,1000.1,754,true
195,WinMart+,C,Siêu thị,Hoàng Mai,20.9596913,105.8444889,-53.065159,-1924.639627,1,1.35,60,60,3600,2423.300,2695.800,true,16.566,1000.1,905,true
196,WinMart+,C,Siêu thị,Hoàng Mai,20.9409840,105.8461022,114.436350,-4004.796478,1,0.76,60,60,2700,5084.000,4888.400,true,1.635,1000.1,952,true
197,Trường Mầm non A Tứ Hiệp,C,Trường học,Hoàng Mai,20.9490044,105.8491344,429.255713,-3112.968688,1,0.52,60,60,3600,3908.300,4818.100,true,24.204,1000.1,931,true
198,Trường Mầm non Tứ Hiệp (điểm Đồng Trì),C,Trường học,Hoàng Mai,20.9407141,105.8617744,1741.608705,-4034.807989,1,0.29,60,60,3600,7576.700,8818.300,true,22.812,1000.1,988,true
199,9.0cafe,C,Cửa hàng đồ uống,Thanh Xuân,21.0147806,105.8047173,-4182.367238,4201.011046,1,1.87,60,60,2700,8943.400,7331.600,true,1.894,1000.1,998,true
200,WinMart+,C,Siêu thị,Thanh Xuân,20.9934563,105.8316340,-1387.730229,1829.857071,1,0.28,60,60,1800,3674.200,3110.900,true,3.229,1000.1,926,true
