id,name,zone,type,district,lat,lon,x_m,y_m,dronable,demand,drone_service_s,truck_service_s,lw_s,depot_osrm_distance_m,to_depot_osrm_distance_m,road_reachable,osrm_snap_distance_m,source_dataset,original_id,inside_40mile_square
0,depot,,depot,Thanh Xuân - Hoàng Mai,20.977,105.845,0.000000,0.000000,,,,,,,,,,depot,0,
1,WinMart+ [SW],SW,Siêu thị,Thanh Xuân,20.8599026,105.7367191,-11242.307210,-13020.636803,1,0.98,60,60,2700,23869.900,25153.700,True,8.141,reality.1000.1,537,true
2,KFC [NW],NW,Cửa hàng ăn uống,Hoàng Mai,21.0698837,105.7222912,-12740.289626,10328.196208,1,1.91,60,60,1800,20817.600,20341.100,True,85.954,reality.1000.1,803,true
3,Không có tên,C,Cửa hàng đồ uống,Thanh Xuân,21.0144583,105.8418055,-331.670224,4165.172921,1,1.28,60,60,2700,5134.800,4723.900,True,43.042,reality.1000.1,956,true
4,Siêu Thị T-Mart [W],W,Siêu thị,Thanh Xuân,20.9652567,105.7316170,-11772.034758,-1305.795382,1,1.69,60,60,2700,19054.700,18562.500,True,6.328,reality.1000.1,664,true
5,9.0cafe [NE],NE,Cửa hàng đồ uống,Thanh Xuân,21.1168309,105.9317379,9005.596726,15548.486668,1,0.55,60,60,1800,22959.400,24189.700,True,27.457,reality.1000.1,231,true
6,TK mark [SE],SE,Chợ dân sinh,Thanh Xuân,20.8749608,105.9350841,9353.017263,-11346.241359,1,0.30,60,60,1800,28011.700,29615.600,True,26.847,reality.1000.1,379,true
7,WinMart+,C,Siêu thị,Thanh Xuân,21.0065803,105.8150887,-3105.552537,3289.179289,1,0.45,60,60,2700,6544.000,5858.200,True,3.616,reality.1000.1,979,true
8,Trường Mầm non Đại Thanh [N],N,Trường học,Hoàng Mai,21.0461730,105.8536449,897.560157,7691.686661,1,1.11,60,60,2700,14000.100,12338.900,True,5.459,reality.1000.1,64,true
9,WinMart+,C,Siêu thị,Hoàng Mai,20.9789455,105.8863593,4294.145658,216.329730,1,0.37,60,60,3600,5631.100,7155.800,True,7.399,reality.1000.1,965,true
10,Starbucks [W],W,Cửa hàng đồ uống,Thanh Xuân,20.9811356,105.6815161,-16973.780489,459.857739,1,1.32,60,60,2700,24359.800,23867.700,True,4.072,reality.1000.1,770,true
11,WinMart+ [W],W,Siêu thị,Hoàng Mai,20.9618215,105.7404818,-10851.643396,-1687.772194,1,1.33,60,60,3600,17051.100,16676.600,True,8.418,reality.1000.1,661,true
12,WinMart+ [W],W,Siêu thị,Thanh Xuân,21.0063803,105.7124948,-13757.404725,3266.940303,1,1.37,60,60,1800,18713.800,18104.400,True,12.694,reality.1000.1,752,true
13,Cà Phê 3k [NW],NW,Cửa hàng đồ uống,Thanh Xuân,21.0744813,105.7168924,-13300.822169,10839.426003,1,0.25,60,60,2700,22013.400,21529.600,True,153.949,reality.1000.1,813,true
14,WinMart+ [SE],SE,Siêu thị,Thanh Xuân,20.8860122,105.9411370,9981.461996,-10117.381747,1,0.74,60,60,1800,25927.400,27531.400,True,26.375,reality.1000.1,382,true
15,WinMart+ [SW],SW,Siêu thị,Thanh Xuân,20.8691510,105.7163942,-13352.547980,-11992.261644,1,1.52,60,60,1800,27182.300,27163.200,True,112.078,reality.1000.1,574,true
16,siêu thị 24h ninja mark [NW],NW,Siêu thị,Thanh Xuân,21.0849993,105.7053844,-14495.644814,12008.974241,1,1.95,60,60,3600,22885.100,22401.300,True,45.291,reality.1000.1,842,true
17,WinMart+,C,Siêu thị,Thanh Xuân,20.9940532,105.8422004,-290.669576,1896.229323,1,0.47,60,60,2700,2919.800,2690.900,True,10.798,reality.1000.1,912,true
18,Không có tên [E],E,Trường học,Hoàng Mai,20.9676799,105.9954047,15615.827383,-1036.347836,1,0.22,60,60,2700,22492.600,24203.100,True,7.915,reality.1000.1,274,true
19,WinMart+ [NE],NE,Siêu thị,Thanh Xuân,21.0804372,105.9634543,12298.564483,11501.691866,1,1.32,60,60,1800,21773.800,23591.600,True,0.839,reality.1000.1,124,true
20,Trường Mầm non Sao Mai [N],N,Trường học,Hoàng Mai,21.0867719,105.8379575,-731.190344,12206.078368,1,1.57,60,60,1800,25075.200,24713.900,True,267.784,reality.1000.1,24,true
21,WinMart+,C,Siêu thị,Hoàng Mai,20.9678793,105.8450244,2.533340,-1014.175567,1,1.82,60,60,3600,1101.200,1101.200,True,1.768,reality.1000.1,897,true
22,Trường Tiểu học Chu Văn An [N],N,Trường học,Hoàng Mai,21.0611803,105.8340177,-1140.241635,9360.422283,1,1.85,60,60,1800,12570.400,11166.100,True,33.685,reality.1000.1,47,true
23,WinMart+ [NW],NW,Siêu thị,Hoàng Mai,21.0898864,105.7471381,-10160.550420,12552.394967,1,0.57,60,60,2700,23846.000,23676.000,True,96.358,reality.1000.1,790,true
24,WinMart+,C,Siêu thị,Thanh Xuân,20.9880596,105.7961943,-5067.271079,1229.771411,1,0.69,60,60,3600,8722.100,8430.900,True,3.184,reality.1000.1,995,true
25,Chợ Nhân Chính [SE],SE,Chợ dân sinh,Thanh Xuân,20.8842216,105.9363233,9481.677692,-10316.487382,1,0.38,60,60,1800,25521.200,27125.100,True,2.144,reality.1000.1,385,true
26,Chợ Nhân Chính [NW],NW,Chợ dân sinh,Thanh Xuân,21.1004378,105.7047601,-14560.463008,13725.657116,1,1.85,60,60,1800,24722.400,24238.600,True,81.46,reality.1000.1,862,true
27,Cà Phê Parkland [W],W,Cửa hàng đồ uống,Thanh Xuân,20.9806768,105.7277073,-12177.960905,408.841506,1,0.66,60,60,2700,18512.500,18046.100,True,3.639,reality.1000.1,672,true
28,Trường Mầm non Sao Mai [S],S,Trường học,Hoàng Mai,20.8705557,105.8379575,-731.190344,-11836.066130,1,1.82,60,60,2700,17523.900,15903.800,True,95.603,reality.1000.1,438,true
29,WinMart+ [NW],NW,Siêu thị,Thanh Xuân,21.1134575,105.7042179,-14616.757137,15173.381703,1,1.09,60,60,2700,27832.500,27348.700,True,5.968,reality.1000.1,879,true
30,Delícia Coffee & Lounge,C,Cửa hàng đồ uống,Thanh Xuân,20.9751840,105.8119491,-3431.522747,-201.929987,1,1.73,60,60,1800,5754.500,4883.700,True,12.002,reality.1000.1,968,true
31,WinMart+ [E],E,Siêu thị,Thanh Xuân,21.0005225,105.9421093,10082.411428,2615.582662,1,0.40,60,60,1800,14111.000,16301.200,True,5.542,reality.1000.1,331,true
32,Delícia Coffee & Lounge [NW],NW,Cửa hàng đồ uống,Thanh Xuân,21.0772343,105.7074065,-14285.699483,11145.545636,1,1.09,60,60,2700,21926.800,21443.000,True,24.632,reality.1000.1,835,true
33,WinMart+ [N],N,Siêu thị,Hoàng Mai,21.0707607,105.8913176,4808.943114,10425.714159,1,1.40,60,60,3600,15816.900,16362.200,True,71.48,reality.1000.1,67,true
34,AEON MaxValu Linh Đàm [W],W,Siêu thị,Hoàng Mai,20.9580267,105.7184901,-13134.940335,-2109.734702,1,1.53,60,60,3600,20787.300,20295.200,True,12.968,reality.1000.1,695,true
35,WinMart+,C,Siêu thị,Thanh Xuân,20.9931445,105.8365312,-879.276505,1795.186493,1,0.44,60,60,1800,3647.400,4095.100,True,3.46,reality.1000.1,925,true
36,WinMart+ [E],E,Siêu thị,Hoàng Mai,20.9618215,105.9720450,13190.497304,-1687.772194,1,1.96,60,60,3600,21194.300,23265.600,True,10.826,reality.1000.1,246,true
37,Trường Trung học cơ sở Yên Mỹ [S],S,Trường học,Hoàng Mai,20.8334908,105.8825970,3903.523375,-15957.494967,1,1.09,60,60,1800,19441.500,17829.500,True,12.778,reality.1000.1,495,true
38,Không có tên [E],E,Cửa hàng đồ uống,Thanh Xuân,20.9994511,105.9727772,13266.518258,2496.448418,1,1.21,60,60,3600,20431.400,20230.500,True,15.459,reality.1000.1,294,true
39,WinMart+ [NE],NE,Siêu thị,Thanh Xuân,21.1021091,105.9266572,8478.091042,13911.497197,1,0.31,60,60,1800,20226.600,21436.300,True,205.764,reality.1000.1,223,true
40,WinMart+ [E],E,Siêu thị,Thanh Xuân,20.9870867,105.9635518,12308.687459,1121.589867,1,0.91,60,60,2700,18646.200,21196.300,True,0.985,reality.1000.1,263,true
41,WinMart+ [E],E,Siêu thị,Thanh Xuân,20.9843605,105.9446249,10343.594591,818.450258,1,1.43,60,60,1800,15100.000,18629.100,True,47.069,reality.1000.1,296,true
42,Phường Ô Chợ Dừa [SW],SW,Chợ dân sinh,Thanh Xuân,20.9070029,105.7191491,-13066.519400,-7783.322400,1,0.41,60,60,2700,22113.700,22094.600,True,99.077,reality.1000.1,638,true
43,Trường Đại học Công nghệ và Quản lý Hữu Nghị [S],S,Trường học,Hoàng Mai,20.8686382,105.8765893,3279.771549,-12049.282402,1,0.51,60,60,2700,13356.500,14301.800,True,47.351,reality.1000.1,440,true
44,Trường Mầm non Đại Thanh [NW],NW,Trường học,Hoàng Mai,21.0461730,105.7378633,-11123.510193,7691.686661,1,0.26,60,60,3600,18019.300,16785.200,True,10.262,reality.1000.1,841,true
45,Trường Mầm Non Hoạ Mi,C,Trường học,Hoàng Mai,20.9529434,105.8351471,-1022.981234,-2674.971872,1,1.81,60,60,2700,3710.500,4481.900,True,6.961,reality.1000.1,928,true
46,WinMart+ [S],S,Siêu thị,Thanh Xuân,20.8888109,105.8456896,71.597992,-9806.180505,1,1.59,60,60,2700,11875.800,11975.000,True,153.196,reality.1000.1,463,true
47,WinMart+ [E],E,Siêu thị,Thanh Xuân,20.9880742,105.9418885,10059.486780,1231.394857,1,1.72,60,60,1800,14441.000,16878.500,True,4.265,reality.1000.1,305,true
48,WinMart+ [NE],NE,Siêu thị,Thanh Xuân,21.0811596,105.9428562,10159.958615,11582.019081,1,1.44,60,60,1800,21745.200,21630.300,True,25.579,reality.1000.1,166,true
49,5050 Rooftop Cafe & Pub [NW],NW,Cửa hàng đồ uống,Thanh Xuân,21.0859574,105.6952722,-15545.547973,12115.510100,1,1.71,60,60,1800,24416.300,23950.100,True,86.427,reality.1000.1,868,true
50,WinMart+ [SW],SW,Siêu thị,Thanh Xuân,20.8642210,105.7318911,-11743.576217,-12540.452632,1,0.30,60,60,3600,24850.300,26149.700,True,36.71,reality.1000.1,541,true
51,Noble Moment,C,Cửa hàng đồ uống,Thanh Xuân,21.0099240,105.8029594,-4364.881900,3660.981765,1,1.32,60,60,1800,7964.100,8059.700,True,8.109,reality.1000.1,992,true
52,WinMart+ [E],E,Siêu thị,Thanh Xuân,21.0038843,105.9574454,11674.688067,2989.397766,1,0.88,60,60,2700,16305.000,18452.500,True,84.068,reality.1000.1,315,true
53,Cục Dự trữ Nhà nước khu vực Hà Nội [NW],NW,Uỷ ban nhân dân,Thanh Xuân,21.0918287,105.7353729,-11382.076957,12768.368873,1,0.47,60,60,2700,22502.400,22332.300,True,4.657,reality.1000.1,791,true
54,Trường Trung học cơ sở Văn Đức [W],W,Trường học,Hoàng Mai,20.9369644,105.7939565,-5299.611548,-4451.755605,1,1.50,60,60,2700,11721.700,11395.200,True,0.861,reality.1000.1,774,true
55,Không có tên [SE],SE,Uỷ ban nhân dân,Thanh Xuân,20.8846754,105.9670805,12675.056131,-10266.027124,1,1.12,60,60,3600,28959.600,28833.300,True,86.297,reality.1000.1,368,true
56,Trường Mầm Non Hoạ Mi [NW],NW,Trường học,Hoàng Mai,21.0549937,105.7306045,-11877.157970,8672.503750,1,0.42,60,60,3600,18853.700,17318.700,True,23.2,reality.1000.1,823,true
57,WinMart+ [SW],SW,Siêu thị,Thanh Xuân,20.8609000,105.7210939,-12864.599772,-12909.730983,1,1.19,60,60,3600,25928.200,27275.200,True,50.817,reality.1000.1,560,true
58,Trung tâm Công nghệ Phần mềm Thủy lợi [E],E,Uỷ ban nhân dân,Thanh Xuân,21.0028271,105.9522405,11134.287269,2871.842490,1,1.92,60,60,1800,16531.900,18631.600,True,3.374,reality.1000.1,320,true
59,Trường Mầm non Hoa Mai [SW],SW,Trường học,Hoàng Mai,20.8656867,105.7446677,-10417.040676,-12377.474228,1,0.46,60,60,2700,22301.500,23585.300,True,20.455,reality.1000.1,539,true
60,Trường Trung học cơ sở Tân Định [S],S,Trường học,Hoàng Mai,20.8740398,105.8563845,1182.000209,-11448.651886,1,1.85,60,60,2700,14234.500,14370.900,True,99.565,reality.1000.1,423,true
61,Không có tên [NE],NE,Trường học,Hoàng Mai,21.0600232,105.9588900,11824.674233,9231.758634,1,0.40,60,60,1800,18673.200,20573.100,True,35.391,reality.1000.1,155,true
62,UBND phường Khương Thượng [NW],NW,Uỷ ban nhân dân,Thanh Xuân,21.1043030,105.7210844,-12865.586113,14155.447747,1,1.30,60,60,1800,24812.300,24642.200,True,10.186,reality.1000.1,836,true
63,WinMart+ [N],N,Siêu thị,Thanh Xuân,21.0961035,105.8534394,876.224038,13243.704946,1,1.16,60,60,1800,19440.900,20200.700,True,59.081,reality.1000.1,20,true
64,Trường Trung học cơ sở Tân Định [NE],NE,Trường học,Hoàng Mai,21.0902560,105.9721661,13203.070559,12593.492612,1,0.40,60,60,1800,22511.700,24185.200,True,4.651,reality.1000.1,129,true
65,WinMart+ [SW],SW,Siêu thị,Hoàng Mai,20.8455254,105.7399463,-10907.241895,-14619.308503,1,0.36,60,60,2700,26218.400,27510.300,True,164.221,reality.1000.1,557,true
66,Trường Mầm non Tứ Hiệp (điểm Đồng Trì),C,Trường học,Hoàng Mai,20.9407141,105.8617744,1741.608705,-4034.807989,1,0.29,60,60,2700,7576.700,8818.300,True,22.812,reality.1000.1,988,true
67,AEON MaxValu Linh Đàm [NW],NW,Siêu thị,Hoàng Mai,21.0661348,105.7184901,-13134.940335,9911.337547,1,0.37,60,60,3600,19740.000,19259.500,True,33.545,reality.1000.1,819,true
68,WinMart+ [SE],SE,Siêu thị,Thanh Xuân,20.8957762,105.9574454,11674.688067,-9031.674483,1,1.12,60,60,3600,25569.700,27173.600,True,51.025,reality.1000.1,378,true
69,WinMart+,C,Siêu thị,Thanh Xuân,20.9750659,105.8256365,-2010.423035,-215.062108,1,1.44,60,60,2700,4666.500,4636.500,True,5.568,reality.1000.1,946,true
70,Trường Tiểu học Hoàng Liệt [NW],NW,Trường học,Hoàng Mai,21.0686090,105.7340794,-11516.375105,10186.456035,1,0.82,60,60,3600,19727.300,19557.200,True,12.629,reality.1000.1,788,true
71,Trường Đại học Kinh tế - Kỹ thuật Công nghiệp (cơ sở 218 Lĩnh Nam) [NW],NW,Trường học,Hoàng Mai,21.0820344,105.7710477,-7678.126756,11679.292403,1,1.98,60,60,1800,19529.700,19050.400,True,31.827,reality.1000.1,830,true
72,WinMart+ [SW],SW,Siêu thị,Thanh Xuân,20.8798873,105.7376578,-11144.846312,-10798.439553,1,1.39,60,60,2700,24962.300,25999.100,True,32.834,reality.1000.1,556,true
73,AEON MaxValu Linh Đàm [E],E,Siêu thị,Hoàng Mai,20.9580267,105.9500533,10907.200365,-2109.734702,1,0.57,60,60,3600,20061.000,20866.800,True,43.91,reality.1000.1,282,true
74,Trường Tiểu học Chu Văn An [S],S,Trường học,Hoàng Mai,20.8449641,105.8340177,-1140.241635,-14681.722215,1,1.07,60,60,3600,19390.600,17770.500,True,21.4,reality.1000.1,461,true
75,WinMart+ [S],S,Siêu thị,Thanh Xuân,20.8858929,105.8108756,-3542.979308,-10130.647301,1,1.61,60,60,3600,19730.900,18492.000,True,293.721,reality.1000.1,517,true
76,Hội đồng nhân dân - Ủy ban nhân dân phường Thanh Liệt [E],E,Uỷ ban nhân dân,Thanh Xuân,20.9740614,105.9328685,9122.981718,-326.757411,1,1.08,60,60,1800,14535.100,16127.500,True,79.668,reality.1000.1,319,true
77,WinMart+ [NW],NW,Siêu thị,Thanh Xuân,21.1086306,105.7105461,-13959.729273,14636.654911,1,1.13,60,60,2700,26054.400,25570.600,True,27.41,reality.1000.1,864,true
78,WinMart+ [W],W,Siêu thị,Hoàng Mai,20.9795805,105.7714892,-7632.287845,286.938508,1,0.26,60,60,1800,12690.500,12182.300,True,42.246,reality.1000.1,713,true
79,WinMart+ [SE],SE,Siêu thị,Thanh Xuân,20.8825988,105.9211667,7908.037711,-10496.934509,1,1.79,60,60,3600,19554.400,27067.500,True,237.16,reality.1000.1,402,true
80,Trường Đại học Kinh tế - Kỹ thuật Công nghiệp (cơ sở 218 Lĩnh Nam) [S],S,Trường học,Hoàng Mai,20.8658182,105.8868293,4342.943594,-12362.852095,1,1.49,60,60,3600,14338.700,14283.200,True,16.853,reality.1000.1,467,true
81,Trường Tiểu học Tam Hiệp [W],W,Trường học,Hoàng Mai,20.9440831,105.7263036,-12323.700611,-3660.192281,1,1.88,60,60,3600,18977.100,18485.000,True,27.152,reality.1000.1,712,true
82,WinMart+ [S],S,Siêu thị,Hoàng Mai,20.8714401,105.8691385,2506.189296,-11737.725337,1,1.07,60,60,1800,13815.400,13137.800,True,16.059,reality.1000.1,429,true
83,WinMart+ [NW],NW,Siêu thị,Thanh Xuân,21.0811596,105.7112930,-13882.182085,11582.019081,1,1.24,60,60,2700,22125.700,21493.900,True,6.943,reality.1000.1,825,true
84,Thuế cơ sở 4 thành phố Hà Nội [S],S,Uỷ ban nhân dân,Thanh Xuân,20.9001070,105.8327410,-1272.795517,-8550.111494,1,1.13,60,60,3600,10080.600,10212.900,True,48.49,reality.1000.1,508,true
85,Trường Trung học cơ sở Văn Đức [N],N,Trường học,Hoàng Mai,21.0450725,105.9097381,6721.458802,7569.316644,1,0.23,60,60,2700,11680.600,12649.900,True,21.902,reality.1000.1,116,true
86,UBND phường Khương Thượng [SE],SE,Uỷ ban nhân dân,Thanh Xuân,20.8880868,105.9526476,11176.554587,-9886.696752,1,1.67,60,60,2700,29992.900,28307.300,True,19.211,reality.1000.1,372,true
87,Everything Coffee 'N Bagel [SE],SE,Cửa hàng đồ uống,Thanh Xuân,20.8899854,105.9216212,7955.226353,-9675.582064,1,0.23,60,60,3600,24997.800,26601.800,True,10.839,reality.1000.1,408,true
88,WinMart+ [W],W,Siêu thị,Hoàng Mai,20.9626526,105.7755360,-7212.127236,-1595.358091,1,0.45,60,60,3600,10277.400,10624.600,True,9.086,reality.1000.1,723,true
89,WinMart+ [NE],NE,Siêu thị,Hoàng Mai,21.0430343,105.9731228,13302.400315,7342.679145,1,1.96,60,60,3600,20621.700,22916.800,True,14.174,reality.1000.1,194,true
90,WinMart+ [NE],NE,Siêu thị,Thanh Xuân,21.0951948,105.9635518,12308.687459,13142.662116,1,0.49,60,60,2700,23800.300,22672.100,True,83.576,reality.1000.1,141,true
91,WinMart+ [W],W,Siêu thị,Thanh Xuân,20.9941203,105.7095738,-14060.678704,1903.690503,1,1.35,60,60,1800,21131.700,19766.400,True,6.759,reality.1000.1,734,true
92,Trường Mầm Non Đại Từ [N],N,Trường học,Hoàng Mai,21.0725723,105.8425229,-257.185886,10627.154888,1,1.68,60,60,3600,14863.200,13202.000,True,51.034,reality.1000.1,15,true
93,WinMart+ [W],W,Siêu thị,Hoàng Mai,20.9562867,105.7599399,-8831.398479,-2303.213874,1,1.70,60,60,1800,12890.700,12682.700,True,2.985,reality.1000.1,692,true
94,WinMart+ [S],S,Siêu thị,Thanh Xuân,20.8951141,105.8043318,-4222.391928,-9105.296644,1,1.76,60,60,1800,17048.900,16932.000,True,25.09,reality.1000.1,532,true
95,WinMart+ [S],S,Siêu thị,Hoàng Mai,20.8455254,105.8557279,1113.828455,-14619.308503,1,1.10,60,60,2700,18267.900,16656.000,True,51.074,reality.1000.1,434,true
96,9.0cafe [NW],NW,Cửa hàng đồ uống,Thanh Xuân,21.1168309,105.7001747,-15036.543974,15548.486668,1,0.27,60,60,2700,28565.200,26412.200,True,48.658,reality.1000.1,885,true
97,WinMart+ [NE],NE,Siêu thị,Thanh Xuân,21.0853672,105.9479574,10689.592720,12049.882855,1,1.19,60,60,1800,22282.500,21942.400,True,6.753,reality.1000.1,156,true
98,WinMart+ [SE],SE,Siêu thị,Thanh Xuân,20.8789786,105.9635518,12308.687459,-10899.482383,1,0.78,60,60,2700,29941.900,29716.300,True,39.527,reality.1000.1,365,true
99,Quan an Nam Nhu 1 [S],S,Cửa hàng ăn uống,Hoàng Mai,20.8604621,105.8933361,5018.514674,-12958.423242,1,1.13,60,60,2700,15475.400,15419.900,True,60.296,reality.1000.1,484,true
100,WinMart+ [NW],NW,Siêu thị,Hoàng Mai,21.0707607,105.7755360,-7212.127236,10425.714159,1,1.47,60,60,2700,19121.300,18507.800,True,3.014,reality.1000.1,844,true
101,Siêu thị Đức Thành [E],E,Siêu thị,Hoàng Mai,20.9772953,105.9793899,13953.084447,32.835862,1,0.60,60,60,1800,20075.100,22420.700,True,53.001,reality.1000.1,247,true
102,siêu thị 24h ninja mark [S],S,Siêu thị,Thanh Xuân,20.8687831,105.8211660,-2474.574464,-12033.170257,1,1.29,60,60,1800,19484.700,17838.700,True,33.547,reality.1000.1,480,true
103,9.0cafe [W],W,Cửa hàng đồ uống,Thanh Xuân,21.0087228,105.7001747,-15036.543974,3527.414419,1,1.16,60,60,1800,19316.100,19063.300,True,2.217,reality.1000.1,767,true
104,WinMart+ [SW],SW,Siêu thị,Thanh Xuân,20.8745404,105.6966732,-15400.088595,-11392.987706,1,1.49,60,60,3600,25780.100,25770.300,True,53.952,reality.1000.1,626,true
105,Trường mầm non Vườn Hồng [NW],NW,Trường học,Hoàng Mai,21.0849401,105.7394298,-10960.867712,12002.391502,1,0.25,60,60,2700,22039.700,21864.500,True,1.959,reality.1000.1,781,true
106,WinMart+ [SW],SW,Siêu thị,Thanh Xuân,20.8705782,105.7343241,-11490.969031,-11833.564244,1,1.25,60,60,1800,22830.900,24114.700,True,9.831,reality.1000.1,544,true
107,Siêu thị B11 Kim Liên [W],W,Siêu thị,Thanh Xuân,21.0014919,105.7305874,-11878.933384,2723.375024,1,1.20,60,60,1800,18303.900,17058.600,True,20.819,reality.1000.1,717,true
108,WinMart+ [SW],SW,Siêu thị,Thanh Xuân,20.8758286,105.6856511,-16544.462480,-11249.746402,1,1.46,60,60,3600,26705.800,26696.000,True,80.462,reality.1000.1,643,true
109,Everything Coffee 'N Bagel [NW],NW,Cửa hàng đồ uống,Thanh Xuân,21.1062016,105.6900580,-16086.914347,14366.562434,1,1.69,60,60,3600,28487.700,28634.100,True,54.331,reality.1000.1,888,true
110,WinMart+ [E],E,Siêu thị,Hoàng Mai,20.9709606,106.0195726,18125.069146,-671.550640,1,0.63,60,60,2700,24509.400,26696.400,True,56.351,reality.1000.1,341,true
111,Trường Mầm non Sao Mai [NW],NW,Trường học,Hoàng Mai,21.0867719,105.7221759,-12752.260694,12206.078368,1,1.11,60,60,3600,23470.400,22986.600,True,18.611,reality.1000.1,802,true
112,Trường mầm non Vườn Hồng [SW],SW,Trường học,Hoàng Mai,20.8687239,105.7394298,-10960.867712,-12039.752997,1,1.97,60,60,3600,22372.500,23656.300,True,22.708,reality.1000.1,540,true
113,WinMart+ [SE],SE,Siêu thị,Thanh Xuân,20.8951141,105.9201134,7798.678422,-9105.296644,1,0.70,60,60,1800,24515.700,26119.600,True,16.104,reality.1000.1,411,true
114,WinMart+,C,Siêu thị,Thanh Xuân,21.0099421,105.8304248,-1513.275897,3662.994393,1,1.37,60,60,1800,6109.000,5582.200,True,5.74,reality.1000.1,971,true
115,Trường Tiểu học Hoàng Liệt [N],N,Trường học,Hoàng Mai,21.0686090,105.8498610,504.695245,10186.456035,1,1.49,60,60,3600,14030.100,12368.900,True,232.887,reality.1000.1,11,true
116,Trường Mầm non Thịnh Liệt (cơ sở Giáp Nhị) [SW],SW,Trường học,Hoàng Mai,20.8608505,105.7448574,-10397.344998,-12915.235132,1,1.26,60,60,1800,22979.700,24263.500,True,2.9,reality.1000.1,538,true
117,WinMart+ [W],W,Siêu thị,Thanh Xuân,20.9880742,105.7103253,-13982.653920,1231.394857,1,0.31,60,60,2700,19244.000,18777.600,True,1.356,reality.1000.1,718,true
118,WinMart+ [NE],NE,Siêu thị,Thanh Xuân,21.0983381,105.9538033,11296.545596,13492.181129,1,1.52,60,60,2700,24169.500,24979.200,True,93.805,reality.1000.1,163,true
119,WinMart+ [NW],NW,Siêu thị,Thanh Xuân,21.0983381,105.7222401,-12745.595104,13492.181129,1,0.47,60,60,3600,25003.800,24520.000,True,73.019,reality.1000.1,822,true
120,MM Mega Market Hoàng Mai,C,Siêu thị,Hoàng Mai,20.9695151,105.8660782,2188.452440,-832.282906,1,0.71,60,60,3600,4715.100,5168.200,True,56.236,reality.1000.1,949,true
121,Trường Mầm Non Đại Từ [NW],NW,Trường học,Hoàng Mai,21.0725723,105.7267413,-12278.256236,10627.154888,1,0.72,60,60,1800,19730.700,19560.700,True,5.778,reality.1000.1,792,true
122,WinMart+,C,Siêu thị,Hoàng Mai,20.9824994,105.8819225,3833.493146,611.505380,1,0.58,60,60,2700,5105.900,5739.800,True,8.204,reality.1000.1,954,true
123,WinMart+ [W],W,Siêu thị,Thanh Xuân,20.9680107,105.7367191,-11242.307210,-999.564554,1,1.77,60,60,1800,17528.900,17026.600,True,8.455,reality.1000.1,656,true
124,Cục Dự trữ Nhà nước khu vực Hà Nội [SW],SW,Uỷ ban nhân dân,Thanh Xuân,20.8756125,105.7353729,-11382.076957,-11273.775625,1,0.56,60,60,3600,25425.400,26462.200,True,3.277,reality.1000.1,550,true
125,WinMart+ [E],E,Siêu thị,Thanh Xuân,20.9723291,105.9634543,12298.564483,-519.380383,1,1.66,60,60,2700,21478.200,23787.400,True,7.211,reality.1000.1,245,true
126,WinMart+ [S],S,Siêu thị,Thanh Xuân,20.8867437,105.8566792,1212.597553,-10036.042658,1,1.61,60,60,1800,10711.400,10810.700,True,79.861,reality.1000.1,452,true
127,Trường Mầm non Tứ Hiệp (điểm Cổ Điển B) [E],E,Trường học,Hoàng Mai,20.9388405,105.9815519,14177.554951,-4243.142803,1,1.52,60,60,1800,22162.300,24857.000,True,58.703,reality.1000.1,309,true
128,Trường Mầm non Định Công (Cơ sở 3),C,Trường học,Hoàng Mai,20.9793961,105.8283929,-1724.238717,266.434164,1,1.15,60,60,3600,3814.000,4241.800,True,16.624,reality.1000.1,929,true
129,WinMart+ [W],W,Siêu thị,Thanh Xuân,20.9818113,105.7083422,-14188.550061,534.992151,1,1.86,60,60,2700,20335.300,19869.000,True,12.432,reality.1000.1,716,true
130,Chợ Nhân Chính [S],S,Chợ dân sinh,Thanh Xuân,20.8842216,105.8205417,-2539.392658,-10316.487382,1,1.82,60,60,3600,11820.100,11952.500,True,11.83,reality.1000.1,500,true
131,WinMart+ [W],W,Siêu thị,Hoàng Mai,20.9349262,105.7415596,-10739.740386,-4678.393105,1,0.67,60,60,2700,16681.300,16663.000,True,13.731,reality.1000.1,729,true
132,5050 Rooftop Cafe & Pub [NE],NE,Cửa hàng đồ uống,Thanh Xuân,21.0859574,105.9268354,8496.592727,12115.510100,1,0.57,60,60,3600,19854.200,20169.400,True,68.131,reality.1000.1,213,true
133,Không có tên [S],S,Cửa hàng đồ uống,Thanh Xuân,20.9002924,105.8530445,835.223390,-8529.495955,1,1.11,60,60,2700,9164.200,9293.400,True,7.644,reality.1000.1,493,true
134,WinMart+ [NW],NW,Siêu thị,Hoàng Mai,21.0582097,105.7435436,-10533.750802,9030.106634,1,0.94,60,60,2700,17856.900,17059.000,True,25.793,reality.1000.1,808,true
135,WinMart+,C,Siêu thị,Hoàng Mai,20.9409840,105.8461022,114.436350,-4004.796478,1,0.76,60,60,2700,5084.000,4888.400,True,1.635,reality.1000.1,952,true
136,Chợ Nhân Chính [SW],SW,Chợ dân sinh,Thanh Xuân,20.8842216,105.7047601,-14560.463008,-10316.487382,1,0.79,60,60,3600,25063.600,25053.800,True,27.412,reality.1000.1,620,true
137,Trường Cao đẳng Hà Nội [NE],NE,Trường học,Hoàng Mai,21.0500351,105.9483243,10727.686257,8121.132587,1,1.75,60,60,3600,17930.100,19829.900,True,20.44,reality.1000.1,195,true
138,Đảng uỷ - HĐND - UBND phường Thanh Xuân [S],S,Uỷ ban nhân dân,Thanh Xuân,20.8805718,105.8109455,-3535.721913,-10722.326625,1,1.69,60,60,2700,12589.400,12721.700,True,22.76,reality.1000.1,514,true
139,Co.opmart [S],S,Siêu thị,Thanh Xuân,20.8683879,105.8014391,-4522.727648,-12077.114492,1,1.88,60,60,3600,19205.100,19308.600,True,80.07,reality.1000.1,523,true
140,WinMart+ [S],S,Siêu thị,Thanh Xuân,20.8642210,105.8476727,277.494133,-12540.452632,1,1.19,60,60,2700,16772.400,15152.300,True,13.443,reality.1000.1,418,true
141,Trường Tiểu học Chu Văn An [NE],NE,Trường học,Hoàng Mai,21.0611803,105.9497993,10880.828715,9360.422283,1,1.59,60,60,1800,17412.900,18674.800,True,100.2,reality.1000.1,167,true
142,WinMart+ [W],W,Siêu thị,Hoàng Mai,20.9759899,105.7660255,-8199.558655,-112.317995,1,0.65,60,60,1800,13340.900,12830.500,True,1.979,reality.1000.1,696,true
143,Highlands Coffee [SW],SW,Cửa hàng đồ uống,Hoàng Mai,20.8510116,105.7284222,-12103.736130,-14009.270896,1,0.67,60,60,1800,25445.300,26794.300,True,41.603,reality.1000.1,555,true
144,Trường Mầm non Sao Mai [SW],SW,Trường học,Hoàng Mai,20.8705557,105.7221759,-12752.260694,-11836.066130,1,0.54,60,60,3600,26652.200,26633.100,True,20.705,reality.1000.1,561,true
145,Trường mầm non Vườn Hồng [E],E,Trường học,Hoàng Mai,20.9768320,105.9709930,13081.272988,-18.680748,1,1.09,60,60,3600,20498.900,22844.500,True,82.25,reality.1000.1,244,true
146,Starbucks [SE],SE,Cửa hàng đồ uống,Thanh Xuân,20.8730275,105.9130793,7068.360212,-11561.214511,1,0.54,60,60,2700,17378.500,17323.000,True,29.585,reality.1000.1,409,true
147,Trường Đại học Công nghệ và Quản lý Hữu Nghị [NW],NW,Trường học,Hoàng Mai,21.0848544,105.7608077,-8741.298801,11992.862096,1,1.38,60,60,3600,21891.400,21412.000,True,24.142,reality.1000.1,804,true
148,Siêu Thị T-Mart [S],S,Siêu thị,Thanh Xuân,20.8571486,105.8473986,249.035592,-13326.867631,1,1.36,60,60,3600,17223.000,15602.900,True,24.696,reality.1000.1,422,true
149,Không có tên [SW],SW,Trường học,Hoàng Mai,20.8492419,105.7233248,-12632.975698,-14206.052558,1,0.84,60,60,1800,25847.500,27131.400,True,24.001,reality.1000.1,566,true
150,Trường Mầm non Lĩnh Nam (cơ sở 2) [N],N,Trường học,Hoàng Mai,21.0884768,105.8974202,5442.547969,12395.654599,1,1.74,60,60,2700,19142.500,19829.500,True,11.948,reality.1000.1,85,true
151,Trường Mầm non Văn Đức (điểm Chử Xá) [S],S,Trường học,Hoàng Mai,20.8256372,105.9142454,7189.431005,-16830.775443,1,1.38,60,60,1800,23100.700,23045.200,True,97.474,reality.1000.1,535,true
152,Cà Phê 3k [N],N,Cửa hàng đồ uống,Thanh Xuân,21.0744813,105.8326740,-1279.751818,10839.426003,1,0.28,60,60,1800,15102.500,14371.600,True,65.767,reality.1000.1,34,true
153,WinMart+ [E],E,Siêu thị,Thanh Xuân,21.0032222,105.9201134,7798.678422,2915.775605,1,1.38,60,60,3600,11166.800,12755.000,True,17.315,reality.1000.1,361,true
154,Đảng uỷ - HĐND - UBND phường Thanh Xuân [NE],NE,Uỷ ban nhân dân,Thanh Xuân,21.0967880,105.9267271,8485.348437,13319.817873,1,1.45,60,60,2700,19433.600,20643.300,True,22.768,reality.1000.1,220,true
155,Trường Mầm non Kim Lan [SW],SW,Trường học,Hoàng Mai,20.8478913,105.7984144,-4836.768320,-14356.232426,1,1.63,60,60,3600,21352.000,21385.200,True,79.645,reality.1000.1,650,true
156,WinMart+ [N],N,Siêu thị,Thanh Xuân,21.0899194,105.8241238,-2167.479710,12556.064400,1,1.36,60,60,3600,16374.200,16920.100,True,284.247,reality.1000.1,60,true
157,Delícia Coffee & Lounge [NE],NE,Cửa hàng đồ uống,Thanh Xuân,21.0772343,105.9389697,9756.441218,11145.545636,1,1.98,60,60,3600,21078.700,22250.100,True,4.47,reality.1000.1,179,true
158,WinMart+ [E],E,Siêu thị,Hoàng Mai,20.9764416,106.0089431,17021.457110,-62.091247,1,1.89,60,60,2700,22721.400,25074.500,True,6.855,reality.1000.1,313,true
159,Taste Tea [W],W,Cửa hàng đồ uống,Thanh Xuân,21.0056866,105.7323516,-11695.764623,3189.804383,1,1.69,60,60,3600,17017.900,15962.300,True,0.221,reality.1000.1,727,true
160,AEON MaxValu Linh Đàm [S],S,Siêu thị,Hoàng Mai,20.8499186,105.8342717,-1113.869985,-14130.806951,1,1.75,60,60,3600,19006.400,17386.300,True,211.829,reality.1000.1,454,true
161,WinMart+,C,Siêu thị,Thanh Xuân,20.9791093,105.8158356,-3028.005349,234.543459,1,1.28,60,60,1800,5317.800,5075.800,True,4.405,reality.1000.1,957,true
162,WinMart+ [NE],NE,Siêu thị,Thanh Xuân,21.1113303,105.9201134,7798.678422,14936.847855,1,1.92,60,60,3600,21466.400,22676.100,True,73.101,reality.1000.1,236,true
163,Everything Coffee 'N Bagel [W],W,Cửa hàng đồ uống,Thanh Xuân,20.9980935,105.6900580,-16086.914347,2345.490185,1,1.37,60,60,3600,23028.800,21983.400,True,112.606,reality.1000.1,769,true
164,WinMart+ [N],N,Siêu thị,Thanh Xuân,21.0987051,105.8331430,-1231.057708,13532.989667,1,1.69,60,60,3600,24295.400,23934.000,True,27.809,reality.1000.1,55,true
165,Trường Trung học cơ sở Lĩnh Nam [NE],NE,Trường học,Hoàng Mai,21.0878264,106.0181102,17973.234888,12323.333418,1,1.78,60,60,3600,26619.700,28519.500,True,57.91,reality.1000.1,215,true
166,Trường Mầm non Sao Mai [SE],SE,Trường học,Hoàng Mai,20.8705557,105.9537391,11289.880006,-11836.066130,1,1.54,60,60,2700,28069.700,29673.600,True,69.854,reality.1000.1,366,true
167,Không có tên [W],W,Trường học,Hoàng Mai,20.9676799,105.7638415,-8426.313318,-1036.347836,1,0.42,60,60,1800,12569.600,11754.600,True,12.807,reality.1000.1,687,true
168,WinMart+ [W],W,Siêu thị,Thanh Xuân,20.9870867,105.7319886,-11733.453241,1121.589867,1,0.46,60,60,2700,17360.000,16893.600,True,54.598,reality.1000.1,678,true
169,WinMart+ [E],E,Siêu thị,Thanh Xuân,20.9981936,105.9665149,12616.332487,2356.620797,1,0.72,60,60,2700,17280.100,19834.000,True,87.177,reality.1000.1,290,true
170,WinMart+ [SW],SW,Siêu thị,Thanh Xuân,20.8977172,105.6806879,-17059.768681,-8815.845130,1,1.74,60,60,2700,24024.000,24014.200,True,51.13,reality.1000.1,655,true
171,Đảng uỷ - HĐND - UBND phường Thanh Xuân [SE],SE,Uỷ ban nhân dân,Thanh Xuân,20.8805718,105.9267271,8485.348437,-10722.326625,1,1.91,60,60,2700,19789.400,19733.900,True,0.456,reality.1000.1,395,true
172,WinMart+ [W],W,Siêu thị,Hoàng Mai,20.9817783,105.7471381,-10160.550420,531.322718,1,1.39,60,60,1800,15624.200,15181.700,True,5.154,reality.1000.1,668,true
173,UBND phường Khương Thượng [NE],NE,Uỷ ban nhân dân,Thanh Xuân,21.1043030,105.9526476,11176.554587,14155.447747,1,0.72,60,60,3600,23433.500,25893.200,True,18.947,reality.1000.1,180,true
174,Trường Mầm non A Tứ Hiệp [E],E,Trường học,Hoàng Mai,20.9429466,105.9761550,13617.219677,-3786.565315,1,0.32,60,60,1800,21226.100,23349.100,True,16.532,reality.1000.1,292,true
175,Starbucks [SW],SW,Cửa hàng đồ uống,Thanh Xuân,20.8730275,105.6815161,-16973.780489,-11561.214511,1,1.24,60,60,2700,27180.400,27170.600,True,59.438,reality.1000.1,648,true
176,Không có tên [N],N,Trường học,Hoàng Mai,21.0757880,105.8796231,3594.757033,10984.724413,1,1.19,60,60,2700,17098.700,17922.300,True,11.314,reality.1000.1,32,true
177,Quan an Nam Nhu 1 [W],W,Cửa hàng ăn uống,Hoàng Mai,20.9685702,105.7775545,-7002.555676,-937.350993,1,1.88,60,60,3600,9964.200,9903.100,True,27.478,reality.1000.1,725,true
178,KFC [N],N,Cửa hàng ăn uống,Hoàng Mai,21.0698837,105.8380728,-719.219276,10328.196208,1,1.90,60,60,2700,14105.300,12421.000,True,112.423,reality.1000.1,25,true
179,Trường Mầm non Hoa Mai [W],W,Trường học,Hoàng Mai,20.9737948,105.7446677,-10417.040676,-356.401979,1,0.80,60,60,1800,15937.600,15435.300,True,4.55,reality.1000.1,658,true
180,WinMart+ [SE],SE,Siêu thị,Thanh Xuân,20.8792904,105.9586546,11800.233735,-10864.811804,1,1.15,60,60,2700,27289.600,28893.500,True,64.941,reality.1000.1,367,true
181,Chợ Trung Kính [NE],NE,Chợ dân sinh,Thanh Xuân,21.1152762,105.9263175,8442.821555,15375.611916,1,1.06,60,60,3600,22569.600,24069.400,True,11.046,reality.1000.1,235,true
182,9.0cafe [E],E,Cửa hàng đồ uống,Thanh Xuân,21.0087228,105.9317379,9005.596726,3527.414419,1,1.63,60,60,2700,15517.600,17876.200,True,24.624,reality.1000.1,354,true
183,Trường Mầm non Văn Đức (điểm Chử Xá) [W],W,Trường học,Hoàng Mai,20.9337453,105.7984638,-4831.639345,-4809.703194,1,0.47,60,60,3600,9105.200,11579.400,True,12.561,reality.1000.1,776,true
184,WinMart+ [N],N,Siêu thị,Hoàng Mai,21.0898864,105.8629197,1860.519930,12552.394967,1,1.20,60,60,1800,19154.800,18886.000,True,61.221,reality.1000.1,13,true
185,WinMart+ [NW],NW,Siêu thị,Thanh Xuân,21.0961035,105.7376578,-11144.846312,13243.704946,1,1.68,60,60,1800,23041.400,22871.400,True,51.363,reality.1000.1,797,true
186,WinMart+ [N],N,Siêu thị,Thanh Xuân,21.1063017,105.8507333,595.262137,14377.693047,1,0.82,60,60,2700,20380.500,20871.900,True,2.614,reality.1000.1,48,true
187,Noble Moment [NW],NW,Cửa hàng đồ uống,Thanh Xuân,21.1119743,105.6984168,-15219.058636,15008.457387,1,1.01,60,60,2700,26338.800,25855.000,True,37.175,reality.1000.1,881,true
188,Noble Moment [SE],SE,Cửa hàng đồ uống,Thanh Xuân,20.8957581,105.9299800,8823.082064,-9033.687111,1,0.84,60,60,2700,23732.600,25336.500,True,74.23,reality.1000.1,401,true
189,Trường Mầm non Kim Lan [E],E,Trường học,Hoàng Mai,20.9559994,106.0299776,19205.372380,-2335.160176,1,1.44,60,60,2700,27532.800,29830.200,True,35.927,reality.1000.1,360,true
190,Trường Trung học cơ sở Lĩnh Nam,C,Trường học,Hoàng Mai,20.9857761,105.8910896,4785.270924,975.857796,1,1.97,60,60,3600,6447.700,8215.200,True,59.921,reality.1000.1,978,true
191,Trường Mầm Non Hoạ Mi [W],W,Trường học,Hoàng Mai,20.9468856,105.7306045,-11877.157970,-3348.568499,1,0.60,60,60,1800,18406.600,17914.400,True,32.416,reality.1000.1,699,true
192,WinMart+,C,Siêu thị,Thanh Xuân,20.9941320,105.8148679,-3128.477184,1904.991483,1,1.46,60,60,3600,6147.800,6332.700,True,6.256,reality.1000.1,972,true
193,Không có tên [W],W,Trường học,Hoàng Mai,20.9519151,105.7273268,-12217.466467,-2789.313615,1,1.93,60,60,1800,18474.900,17982.700,True,47.752,reality.1000.1,690,true
194,The Coffee House [S],S,Cửa hàng đồ uống,Thanh Xuân,20.8634161,105.7989710,-4778.979105,-12629.953429,1,1.68,60,60,1800,19893.100,19814.700,True,96.723,reality.1000.1,526,true
195,Đảng uỷ - HĐND - UBND phường Thanh Xuân,C,Uỷ ban nhân dân,Thanh Xuân,20.9947377,105.7997065,-4702.615527,1972.342250,1,0.55,60,60,2700,8857.100,7967.800,True,33.69,reality.1000.1,997,true
196,Trường Mầm non A Tứ Hiệp [W],W,Trường học,Hoàng Mai,20.9429466,105.7445918,-10424.921023,-3786.565315,1,0.57,60,60,3600,15086.400,15081.200,True,41.17,reality.1000.1,705,true
197,WinMart+ [S],S,Siêu thị,Hoàng Mai,20.8384982,105.8632964,1899.630957,-15400.697491,1,0.37,60,60,1800,19076.400,17464.400,True,29.919,reality.1000.1,456,true
198,Co.opmart [N],N,Siêu thị,Thanh Xuân,21.0846041,105.8014391,-4522.727648,11965.030006,1,1.78,60,60,3600,16707.000,17028.200,True,46.766,reality.1000.1,106,true
199,WinMart+ [SE],SE,Siêu thị,Thanh Xuân,20.8972413,105.9357811,9425.383563,-8868.762796,1,0.91,60,60,2700,24068.600,25672.600,True,45.933,reality.1000.1,398,true
200,Cửa Hàng Tiện Lợi BV Mart [NE],NE,Siêu thị,Thanh Xuân,21.0811384,105.9230904,8107.766623,11579.661749,1,1.50,60,60,3600,18180.600,19405.100,True,76.588,reality.1000.1,219,true
201,Quan an Nam Nhu 1 [SW],SW,Cửa hàng ăn uống,Hoàng Mai,20.8604621,105.7775545,-7002.555676,-12958.423242,1,1.54,60,60,1800,22728.700,20071.100,True,247.988,reality.1000.1,606,true
202,WinMart+ [E],E,Siêu thị,Hoàng Mai,20.9817783,105.9787013,13881.590280,531.322718,1,1.60,60,60,2700,20122.800,22468.400,True,17.606,reality.1000.1,253,true
203,Trường Tiểu học Tam Hiệp [S],S,Trường học,Hoàng Mai,20.8359750,105.8420852,-302.630261,-15681.264530,1,1.75,60,60,2700,20313.100,18693.000,True,106.667,reality.1000.1,471,true
204,Không có tên [N],N,Trường học,Hoàng Mai,21.0600232,105.8431084,-196.396117,9231.758634,1,1.80,60,60,1800,13038.500,11702.000,True,116.644,reality.1000.1,35,true
205,Everything Coffee 'N Bagel [E],E,Cửa hàng đồ uống,Thanh Xuân,20.9980935,105.9216212,7955.226353,2345.490185,1,0.69,60,60,1800,11672.800,13262.600,True,58.052,reality.1000.1,357,true
206,Siêu thị Đức Thành [SW],SW,Siêu thị,Hoàng Mai,20.8691872,105.7478267,-10089.056253,-11988.236387,1,0.27,60,60,3600,21609.900,22893.800,True,67.474,reality.1000.1,543,true
207,Tịnh Cafe [NW],NW,Cửa hàng đồ uống,Thanh Xuân,21.1055377,105.7061760,-14413.456631,14292.740123,1,1.52,60,60,1800,25364.100,24880.400,True,83.768,reality.1000.1,865,true
208,WinMart+ [SE],SE,Siêu thị,Thanh Xuân,20.8737032,105.9399054,9853.590640,-11486.080099,1,1.43,60,60,1800,27761.900,29365.800,True,13.87,reality.1000.1,373,true
209,WinMart+ [W],W,Siêu thị,Thanh Xuân,21.0005225,105.7105461,-13959.729273,2615.582662,1,0.87,60,60,3600,19700.100,19502.600,True,12.237,reality.1000.1,744,true
210,WinMart+ [W],W,Siêu thị,Thanh Xuân,20.9762504,105.7287279,-12071.996706,-83.351717,1,1.27,60,60,3600,18637.300,18170.900,True,50.452,reality.1000.1,667,true
211,Chợ Xanh Văn Quán [NE],NE,Chợ dân sinh,Thanh Xuân,21.0763192,105.9184660,7627.636467,11043.791158,1,1.42,60,60,1800,17646.900,18871.400,True,171.158,reality.1000.1,226,true
212,Không có tên [S],S,Uỷ ban nhân dân,Thanh Xuân,20.8846754,105.8512989,653.985780,-10266.027124,1,1.03,60,60,3600,11393.200,11492.400,True,107.547,reality.1000.1,447,true
213,WinMart+ [SW],SW,Siêu thị,Thanh Xuân,20.8649434,105.7112930,-13882.182085,-12460.125417,1,1.96,60,60,2700,28145.700,28135.900,True,61.928,reality.1000.1,584,true
214,Trường Tiểu học Hoàng Liệt,C,Trường học,Hoàng Mai,20.9665587,105.8386220,-662.198369,-1161.019588,1,0.52,60,60,3600,2096.100,3332.700,True,36.73,reality.1000.1,901,true
215,Không có tên [NW],NW,Trường học,Hoàng Mai,21.0600232,105.7273268,-12217.466467,9231.758634,1,0.80,60,60,2700,18543.000,18022.900,True,4.846,reality.1000.1,814,true
216,Trường Mầm non Định Công (Cơ sở 3) [NW],NW,Trường học,Hoàng Mai,21.0814464,105.7238503,-12578.415453,11613.909786,1,1.50,60,60,1800,20889.200,20719.200,True,145.248,reality.1000.1,795,true
217,WinMart+ [S],S,Siêu thị,Hoàng Mai,20.8647796,105.8975983,5461.039272,-12478.339146,1,1.05,60,60,1800,15364.500,15309.000,True,33.414,reality.1000.1,496,true
218,Trường Mầm non Hoa Mai [NE],NE,Trường học,Hoàng Mai,21.0819029,105.9762309,13625.100025,11664.670270,1,0.62,60,60,2700,22467.100,24344.700,True,35.232,reality.1000.1,122,true
219,WinMart+ [NE],NE,Siêu thị,Hoàng Mai,21.0898864,105.9787013,13881.590280,12552.394967,1,1.24,60,60,1800,23031.900,24642.000,True,7.599,reality.1000.1,132,true
220,WinMart+ [S],S,Siêu thị,Thanh Xuân,20.8860122,105.8253554,-2039.608354,-10117.381747,1,1.06,60,60,3600,11705.200,11837.600,True,105.42,reality.1000.1,492,true
221,Cà Phê Big One [NE],NE,Cửa hàng đồ uống,Thanh Xuân,21.1119116,105.9746692,13462.955905,15001.485465,1,0.95,60,60,1800,24189.200,26142.400,True,44.945,reality.1000.1,184,true
222,WinMart+,C,Siêu thị,Thanh Xuân,20.9904183,105.8176043,-2844.369373,1492.046884,1,0.25,60,60,3600,5487.000,6622.300,True,6.379,reality.1000.1,962,true
223,Trường Mầm non Kim Lan [NW],NW,Trường học,Hoàng Mai,21.0641075,105.7984144,-4836.768320,9685.912073,1,0.53,60,60,1800,13811.500,14052.600,True,3.322,reality.1000.1,890,true
224,Trường Mầm Non Đại Từ [S],S,Trường học,Hoàng Mai,20.8563561,105.8425229,-257.185886,-13414.989611,1,1.57,60,60,3600,17733.600,16113.500,True,35.517,reality.1000.1,428,true
225,Trường Trung học cơ sở Yên Mỹ [NE],NE,Trường học,Hoàng Mai,21.0497070,105.9983786,15924.593725,8084.649532,1,1.95,60,60,3600,22627.500,24945.000,True,59.911,reality.1000.1,202,true
226,Siêu Thị T-Mart [SW],SW,Siêu thị,Thanh Xuân,20.8571486,105.7316170,-11772.034758,-13326.867631,1,1.25,60,60,3600,24395.100,25678.900,True,67.582,reality.1000.1,545,true
227,Cà Phê KOK [NW],NW,Cửa hàng đồ uống,Thanh Xuân,21.0859680,105.7110438,-13908.055374,12116.688767,1,0.82,60,60,1800,22634.300,22150.500,True,6.512,reality.1000.1,829,true
228,Cafe Dinh [NW],NW,Cửa hàng đồ uống,Hoàng Mai,21.0421318,105.7498144,-9882.682515,7242.325723,1,1.63,60,60,2700,16346.400,15550.200,True,27.587,reality.1000.1,856,true
229,Cà Phê KOK [W],W,Cửa hàng đồ uống,Thanh Xuân,20.9778599,105.7110438,-13908.055374,95.616517,1,0.54,60,60,2700,21418.300,20926.200,True,50.32,reality.1000.1,706,true
230,WinMart+,C,Siêu thị,Hoàng Mai,20.9623445,105.8644825,2022.778257,-1629.617247,1,0.45,60,60,3600,3546.800,5248.800,True,3.107,reality.1000.1,921,true
231,WinMart+ [NW],NW,Siêu thị,Thanh Xuân,21.1022284,105.7095738,-14060.678704,13924.762752,1,1.52,60,60,2700,25293.700,24809.900,True,76.654,reality.1000.1,854,true
232,Chợ Trung Kính [SE],SE,Chợ dân sinh,Thanh Xuân,20.8990600,105.9263175,8442.821555,-8666.532583,1,0.76,60,60,1800,23589.800,25193.700,True,96.046,reality.1000.1,410,true
233,WinMart+ [W],W,Siêu thị,Thanh Xuân,20.9826485,105.6966732,-15400.088595,628.084543,1,1.42,60,60,1800,22689.500,22197.400,True,63.731,reality.1000.1,748,true
234,WinMart+ [W],W,Siêu thị,Hoàng Mai,20.9795482,105.7533569,-9514.881054,283.346912,1,0.98,60,60,2700,14639.200,14093.300,True,22.467,reality.1000.1,671,true
235,Trường Quốc tế Singapore [SW],SW,Trường học,Hoàng Mai,20.8554805,105.7704514,-7740.037839,-13512.351888,1,1.97,60,60,1800,22953.700,24190.100,True,22.326,reality.1000.1,592,true
236,WinMart+ [W],W,Siêu thị,Hoàng Mai,20.9536335,105.7399463,-10907.241895,-2598.236253,1,1.32,60,60,3600,15027.200,17172.200,True,11.111,reality.1000.1,676,true
237,Không có tên [W],W,Cửa hàng đồ uống,Thanh Xuân,20.9964168,105.7158505,-13408.997848,2159.049652,1,1.04,60,60,2700,19257.300,18791.000,True,12.249,reality.1000.1,724,true
238,Trường Tiểu học Chu Văn An [E],E,Trường học,Hoàng Mai,20.9530722,105.9497993,10880.828715,-2660.649966,1,0.89,60,60,1800,20019.500,20628.900,True,9.5,reality.1000.1,289,true
239,WinMart+ [N],N,Siêu thị,Hoàng Mai,21.0840980,105.8818071,3821.511695,11908.754254,1,1.96,60,60,1800,18156.700,18980.200,True,4.68,reality.1000.1,41,true
240,WinMart+ [S],S,Siêu thị,Thanh Xuân,20.8824889,105.8331430,-1231.057708,-10509.154832,1,1.27,60,60,3600,14176.200,12371.400,True,88.797,reality.1000.1,470,true
241,MM Mega Market Hoàng Mai [SW],SW,Siêu thị,Hoàng Mai,20.8553492,105.7615356,-8665.724296,-13526.951782,1,1.33,60,60,2700,22496.000,23787.300,True,0.245,reality.1000.1,568,true
242,WinMart+ [S],S,Siêu thị,Thanh Xuân,20.8609000,105.8368755,-843.529421,-12909.730983,1,1.77,60,60,2700,18368.800,16748.600,True,76.452,reality.1000.1,437,true
243,WinMart+ [S],S,Siêu thị,Thanh Xuân,20.8758286,105.8014327,-4523.392130,-11249.746402,1,1.58,60,60,2700,17893.900,18690.700,True,5.985,reality.1000.1,524,true
244,WinMart+ [NE],NE,Siêu thị,Thanh Xuân,21.1063017,105.9665149,12616.332487,14377.693047,1,1.22,60,60,1800,24004.100,24780.200,True,37.206,reality.1000.1,168,true
245,Cà Phê Big One [W],W,Cửa hàng đồ uống,Thanh Xuân,21.0038035,105.7431060,-10579.184795,2980.413216,1,0.33,60,60,2700,15925.200,14547.700,True,19.029,reality.1000.1,719,true
246,Trường Mầm non Tứ Hiệp (điểm Đồng Trì) [SW],SW,Trường học,Hoàng Mai,20.8265482,105.7572318,-9112.568031,-16729.476865,1,0.48,60,60,1800,27169.900,28589.700,True,3.253,reality.1000.1,618,true
247,Trường Mầm non Thịnh Liệt (cơ sở Giáp Nhị) [E],E,Trường học,Hoàng Mai,20.9689586,105.9764206,13644.795702,-894.162883,1,1.50,60,60,1800,21544.000,23889.600,True,20.345,reality.1000.1,242,true
248,Không có tên [SW],SW,Trường học,Hoàng Mai,20.8438070,105.7273268,-12217.466467,-14810.385865,1,1.53,60,60,3600,25962.800,27246.600,True,10.412,reality.1000.1,573,true
249,Trường Tiểu học Chu Văn An [S],S,Trường học,Hoàng Mai,20.8389604,105.8527347,803.058282,-15349.303196,1,1.58,60,60,3600,19067.300,17455.400,True,9.001,reality.1000.1,453,true
250,Highlands Coffee [N],N,Cửa hàng đồ uống,Hoàng Mai,21.0672278,105.8442038,-82.665779,10032.873602,1,0.71,60,60,3600,14418.800,12734.600,True,66.791,reality.1000.1,19,true
251,WinMart+ [SW],SW,Siêu thị,Hoàng Mai,20.8528358,105.7658946,-8213.149399,-13806.429111,1,0.48,60,60,3600,22785.600,24077.500,True,15.945,reality.1000.1,583,true
252,Cà Phê Big One [SW],SW,Cửa hàng đồ uống,Thanh Xuân,20.8956954,105.7431060,-10579.184795,-9040.659033,1,1.95,60,60,1800,18150.000,18414.400,True,16.321,reality.1000.1,601,true
253,Thuế cơ sở 4 thành phố Hà Nội [SW],SW,Uỷ ban nhân dân,Thanh Xuân,20.9001070,105.7169594,-13293.865867,-8550.111494,1,1.35,60,60,1800,22322.300,22303.200,True,40.781,reality.1000.1,628,true
254,WinMart+ [NW],NW,Siêu thị,Thanh Xuân,21.0853672,105.7163942,-13352.547980,12049.882855,1,0.34,60,60,3600,22811.800,22328.000,True,1.298,reality.1000.1,815,true
255,Highlands Coffee,C,Cửa hàng đồ uống,Hoàng Mai,20.9651775,105.8329648,-1249.559394,-1314.602020,1,1.30,60,60,1800,2722.700,3902.700,True,14.4,reality.1000.1,908,true
256,Trung tâm Hỗ trợ doanh nghiệp Hà Nội [SW],SW,Uỷ ban nhân dân,Thanh Xuân,20.8995435,105.6858457,-16524.258059,-8612.769836,1,0.89,60,60,3600,23298.400,23288.600,True,94.32,reality.1000.1,653,true
257,WinMart+ [W],W,Siêu thị,Thanh Xuân,20.9905970,105.7173614,-13252.128058,1511.917418,1,1.16,60,60,1800,18676.700,18210.400,True,31.265,reality.1000.1,711,true
258,Phường Ô Chợ Dừa [SE],SE,Chợ dân sinh,Thanh Xuân,20.9070029,105.9507123,10975.621301,-7783.322400,1,0.48,60,60,2700,23544.600,25148.500,True,64.833,reality.1000.1,399,true
259,KFC,C,Cửa hàng ăn uống,Hoàng Mai,20.9678334,105.8268338,-1886.112890,-1019.279415,1,0.48,60,60,1800,3333.700,3036.300,True,17.738,reality.1000.1,918,true
260,WinMart+ [NW],NW,Siêu thị,Thanh Xuân,21.1046450,105.7322990,-11701.225838,14193.476412,1,0.43,60,60,2700,24139.300,23969.200,True,331.082,reality.1000.1,827,true
261,WinMart+,C,Siêu thị,Hoàng Mai,20.9670017,105.8704372,2641.027337,-1111.760235,1,1.37,60,60,1800,5370.100,4921.000,True,3.717,reality.1000.1,959,true
262,Trường Mầm non Hoàng Liệt (cơ sở Tứ Kỳ),C,Trường học,Hoàng Mai,20.9600576,105.8391042,-612.133764,-1883.908925,1,0.76,60,60,3600,2803.000,3441.400,True,31.669,reality.1000.1,910,true
263,MM Mega Market Hoàng Mai [S],S,Siêu thị,Hoàng Mai,20.8553492,105.8773172,3355.346054,-13526.951782,1,0.80,60,60,1800,15251.000,15410.500,True,47.317,reality.1000.1,444,true
264,WinMart+,C,Siêu thị,Thanh Xuân,21.0009096,105.8454402,45.703939,2658.626218,1,0.45,60,60,1800,3628.600,3856.000,True,10.443,reality.1000.1,924,true
265,WinMart+ [W],W,Siêu thị,Thanh Xuân,20.9948518,105.7408976,-10808.472797,1985.029591,1,1.51,60,60,1800,15917.800,15451.400,True,18.163,reality.1000.1,693,true
266,Không có tên [W],W,Cửa hàng đồ uống,Thanh Xuân,21.0084005,105.7372629,-11185.846960,3491.576294,1,1.47,60,60,3600,16800.600,15174.500,True,2.317,reality.1000.1,735,true
267,Taste Tea,C,Cửa hàng đồ uống,Thanh Xuân,21.0117444,105.8368942,-841.587887,3863.401009,1,0.73,60,60,3600,5100.700,4686.200,True,17.127,reality.1000.1,953,true
268,Chợ Xanh Văn Quán [E],E,Chợ dân sinh,Thanh Xuân,20.9682111,105.9184660,7627.636467,-977.281091,1,0.65,60,60,2700,14761.900,16406.700,True,35.679,reality.1000.1,349,true
269,Trường mầm non Vườn Hồng,C,Trường học,Hoàng Mai,20.9828898,105.8439724,-106.690976,654.915879,1,1.58,60,60,2700,1204.300,2526.800,True,12.486,reality.1000.1,898,true
270,Cà Phê 3k [SW],SW,Cửa hàng đồ uống,Thanh Xuân,20.8582651,105.7168924,-13300.822169,-13202.718496,1,0.59,60,60,1800,26029.000,27312.800,True,76.69,reality.1000.1,572,true
271,Trường Mầm non Lĩnh Nam (cơ sở 2) [E],E,Trường học,Hoàng Mai,20.9803687,106.0132018,17463.618320,374.582349,1,0.79,60,60,1800,23461.400,26375.000,True,61.336,reality.1000.1,328,true
272,Không có tên [E],E,Cửa hàng đồ uống,Thanh Xuân,21.0084005,105.9688261,12856.293740,3491.576294,1,0.57,60,60,3600,17545.900,19830.000,True,36.211,reality.1000.1,322,true
273,Trường Tiểu học Hoàng Liệt [E],E,Trường học,Hoàng Mai,20.9605009,105.9656426,12525.765595,-1834.616214,1,1.18,60,60,2700,21960.500,23925.000,True,11.111,reality.1000.1,251,true
274,Cà Phê Parkland [NE],NE,Cửa hàng đồ uống,Thanh Xuân,21.0887849,105.9592705,11864.179796,12429.913755,1,0.25,60,60,1800,21760.700,21844.300,True,11.69,reality.1000.1,136,true
275,Starbucks [NE],NE,Cửa hàng đồ uống,Thanh Xuân,21.0892437,105.9130793,7068.360212,12480.929988,1,1.84,60,60,2700,19474.000,20060.900,True,4.202,reality.1000.1,234,true
276,Trung tâm Công nghệ Phần mềm Thủy lợi [N],N,Uỷ ban nhân dân,Thanh Xuân,21.1109352,105.8364589,-886.783081,14892.914739,1,1.84,60,60,1800,22109.300,21748.000,True,4.499,reality.1000.1,77,true
277,WinMart+ [E],E,Siêu thị,Hoàng Mai,20.9728877,106.0133799,17482.109622,-457.266897,1,0.43,60,60,2700,23548.400,25914.700,True,18.162,reality.1000.1,325,true
278,Trường Mầm non A Tứ Hiệp,C,Trường học,Hoàng Mai,20.9490044,105.8491344,429.255713,-3112.968688,1,0.52,60,60,3600,3908.300,4818.100,True,24.204,reality.1000.1,931,true
279,Không có tên [S],S,Cửa hàng đồ uống,Hoàng Mai,20.8737895,105.8746624,3079.710396,-11476.483976,1,0.68,60,60,3600,13503.200,14571.200,True,68.485,reality.1000.1,441,true
280,WinMart+,C,Siêu thị,Thanh Xuân,20.9962878,105.8267827,-1891.418368,2144.705506,1,1.77,60,60,1800,4429.600,4879.200,True,5.253,reality.1000.1,938,true
281,Chợ Xanh Văn Quán [SE],SE,Chợ dân sinh,Thanh Xuân,20.8601030,105.9184660,7627.636467,-12998.353340,1,1.35,60,60,3600,18104.900,18049.400,True,26.149,reality.1000.1,400,true
282,WinMart+ [NW],NW,Siêu thị,Thanh Xuân,21.1113303,105.6885502,-16243.462278,14936.847855,1,0.55,60,60,3600,28992.800,29139.200,True,19.509,reality.1000.1,891,true
283,WinMart+ [S],S,Siêu thị,Hoàng Mai,20.8528358,105.8816762,3807.920951,-13806.429111,1,1.73,60,60,2700,15302.500,15516.600,True,4.889,reality.1000.1,459,true
284,WinMart+ [S],S,Siêu thị,Thanh Xuân,20.8762524,105.8288433,-1677.475759,-11202.621992,1,0.62,60,60,3600,14524.100,14875.500,True,11.402,reality.1000.1,468,true
285,Taste Tea [E],E,Cửa hàng đồ uống,Thanh Xuân,21.0056866,105.9639148,12346.376078,3189.804383,1,1.89,60,60,3600,16692.100,18915.600,True,12.469,reality.1000.1,314,true
286,WinMart+ [W],W,Siêu thị,Hoàng Mai,20.9466063,105.7475148,-10121.439394,-3379.625242,1,1.32,60,60,2700,14644.700,14639.500,True,19.746,reality.1000.1,697,true
287,Trường Mầm non Tứ Hiệp (điểm Đồng Trì) [N],N,Trường học,Hoàng Mai,21.0427644,105.8730134,2908.502319,7312.667634,1,0.96,60,60,1800,11093.900,12763.500,True,23.716,reality.1000.1,84,true
288,WinMart+,C,Siêu thị,Hoàng Mai,20.9596913,105.8444889,-53.065159,-1924.639627,1,1.35,60,60,3600,2423.300,2695.800,True,16.566,reality.1000.1,905,true
289,WinMart+ [NE],NE,Siêu thị,Thanh Xuân,21.0955066,105.9586546,11800.233735,13177.332694,1,1.95,60,60,3600,21705.300,22900.700,True,111.327,reality.1000.1,147,true
290,WinMart+ [E],E,Siêu thị,Thanh Xuân,20.9907069,105.9211667,7908.037711,1524.137740,1,0.78,60,60,3600,12671.500,13797.100,True,8.312,reality.1000.1,351,true
291,Trường Mầm non Định Công (Cơ sở 3) [N],N,Trường học,Hoàng Mai,21.0794890,105.8359560,-938.996872,11396.256837,1,0.94,60,60,2700,15600.600,14869.600,True,439.176,reality.1000.1,18,true
292,Noble Moment [S],S,Cửa hàng đồ uống,Thanh Xuân,20.8957581,105.8141984,-3197.988286,-9033.687111,1,1.45,60,60,3600,12192.700,12325.100,True,11.947,reality.1000.1,521,true
293,Cục Tần số vô tuyến điện,C,Uỷ ban nhân dân,Thanh Xuân,21.0086620,105.7982264,-4856.287494,3520.653767,1,1.93,60,60,2700,9118.900,8288.200,True,37.839,reality.1000.1,999,true
294,WinMart+ [S],S,Siêu thị,Hoàng Mai,20.8678818,105.8818071,3821.511695,-12133.390245,1,1.01,60,60,1800,14192.600,13707.900,True,48.828,reality.1000.1,455,true
295,WinMart+ [NW],NW,Siêu thị,Thanh Xuân,21.0955066,105.7270914,-12241.906965,13177.332694,1,1.67,60,60,2700,23810.200,23640.200,True,24.766,reality.1000.1,806,true
296,Everything Coffee 'N Bagel [NE],NE,Cửa hàng đồ uống,Thanh Xuân,21.1062016,105.9216212,7955.226353,14366.562434,1,0.33,60,60,2700,20815.900,22025.600,True,8.178,reality.1000.1,233,true
297,Highlands Coffee [W],W,Cửa hàng đồ uống,Hoàng Mai,20.9591197,105.7284222,-12103.736130,-1988.198647,1,1.73,60,60,3600,18023.900,17531.800,True,52.605,reality.1000.1,674,true
298,UBND phường Khương Thượng [SW],SW,Uỷ ban nhân dân,Thanh Xuân,20.8880868,105.7210844,-12865.586113,-9886.696752,1,1.73,60,60,1800,24486.900,24372.100,True,0.208,reality.1000.1,597,true
299,Trường Mầm Non Hoạ Mi [N],N,Trường học,Hoàng Mai,21.0549937,105.8463861,143.912380,8672.503750,1,1.37,60,60,3600,12726.100,11064.900,True,122.767,reality.1000.1,44,true
300,The Coffee House [E],E,Cửa hàng đồ uống,Thanh Xuân,20.9715242,105.9147526,7242.091245,-608.881179,1,0.80,60,60,1800,14993.800,16597.700,True,7.547,reality.1000.1,355,true
301,WinMart+,C,Siêu thị,Thanh Xuân,21.0042514,105.8394943,-571.631477,3030.217424,1,1.38,60,60,3600,4183.200,3766.700,True,4.323,reality.1000.1,936,true
302,Không có tên [NE],NE,Cửa hàng đồ uống,Thanh Xuân,21.1045249,105.9474137,10633.142853,14180.121901,1,1.00,60,60,2700,22593.400,23826.000,True,20.777,reality.1000.1,189,true
303,WinMart+ [E],E,Siêu thị,Thanh Xuân,20.9820018,105.9232149,8120.692885,556.174784,1,0.63,60,60,1800,13960.800,15531.400,True,36.691,reality.1000.1,345,true
304,WinMart+ [NE],NE,Siêu thị,Hoàng Mai,21.0876563,105.9849201,14527.259647,12304.419161,1,1.25,60,60,3600,24182.400,25838.800,True,21.626,reality.1000.1,135,true
305,WinMart+,C,Siêu thị,Thanh Xuân,20.9823082,105.8332705,-1217.819970,590.244910,1,0.27,60,60,3600,2655.200,2994.900,True,5.746,reality.1000.1,906,true
306,Trường Trung học cơ sở Tân Định [E],E,Trường học,Hoàng Mai,20.9821479,105.9721661,13203.070559,572.420363,1,1.78,60,60,3600,20227.500,22573.100,True,64.846,reality.1000.1,250,true
307,WinMart+ [W],W,Siêu thị,Hoàng Mai,20.9764416,105.7773799,-7020.683590,-62.091247,1,0.93,60,60,3600,10195.400,10270.500,True,4.396,reality.1000.1,726,true
308,Không có tên,C,Uỷ ban nhân dân,Thanh Xuân,20.9988413,105.8400599,-512.907834,2428.641751,1,1.56,60,60,1800,3696.000,3141.400,True,32.552,reality.1000.1,927,true
309,Không có tên [N],N,Cửa hàng đồ uống,Hoàng Mai,21.0900057,105.8746624,3079.710396,12565.660522,1,0.72,60,60,1800,17689.100,19174.000,True,73.177,reality.1000.1,27,true
310,Trường Mầm non Tứ Hiệp (điểm Cổ Điển B) [N],N,Trường học,Hoàng Mai,21.0469486,105.8657703,2156.484601,7777.929446,1,0.87,60,60,2700,12790.700,11893.900,True,0.111,reality.1000.1,66,true
311,WinMart+ [NE],NE,Siêu thị,Thanh Xuân,21.0961823,105.9418885,10059.486780,13252.467106,1,1.99,60,60,1800,22375.000,23604.400,True,77.613,reality.1000.1,183,true
312,Trung tâm Hỗ trợ doanh nghiệp Hà Nội [E],E,Uỷ ban nhân dân,Thanh Xuân,21.0076516,105.9174089,7517.882642,3408.302414,1,0.50,60,60,3600,11554.800,13143.000,True,33.327,reality.1000.1,362,true
313,Tịnh Cafe [NE],NE,Cửa hàng đồ uống,Thanh Xuân,21.1055377,105.9377392,9628.684069,14292.740123,1,0.21,60,60,2700,21342.300,22018.300,True,8.292,reality.1000.1,210,true
314,WinMart+ [SW],SW,Siêu thị,Thanh Xuân,20.8821219,105.7222401,-12745.595104,-10549.963370,1,1.12,60,60,2700,24867.300,24848.200,True,6.829,reality.1000.1,581,true
315,Trường Tiểu học Đại Kim [NE],NE,Trường học,Hoàng Mai,21.0801038,105.9489450,10792.130680,11464.619478,1,1.04,60,60,3600,20239.200,21219.200,True,7.245,reality.1000.1,151,true
316,Trường Mầm non Hoàng Liệt (cơ sở Tứ Kỳ) [NW],NW,Trường học,Hoàng Mai,21.0621079,105.7345616,-11466.310500,9463.566697,1,1.09,60,60,2700,18614.200,18444.200,True,3.94,reality.1000.1,799,true
317,5050 Rooftop Cafe & Pub [SW],SW,Cửa hàng đồ uống,Thanh Xuân,20.8697412,105.6952722,-15545.547973,-11926.634398,1,1.83,60,60,2700,27129.000,27119.200,True,44.737,reality.1000.1,627,true
318,WinMart+ [S],S,Siêu thị,Thanh Xuân,20.8681423,105.8445095,-50.926356,-12104.423966,1,1.51,60,60,3600,16772.400,15152.200,True,14.505,reality.1000.1,425,true
319,WinMart+,C,Siêu thị,Thanh Xuân,20.9740685,105.8412617,-388.130474,-325.967927,1,1.19,60,60,2700,820.700,863.000,True,9.854,reality.1000.1,896,true
320,WinMart+ [E],E,Siêu thị,Thanh Xuân,20.9969190,105.9614712,12092.668343,2214.891744,1,0.38,60,60,1800,17811.700,20361.800,True,37.405,reality.1000.1,291,true
321,Cục Dự trữ Nhà nước khu vực Hà Nội [NE],NE,Uỷ ban nhân dân,Thanh Xuân,21.0918287,105.9669361,12660.063744,12768.368873,1,0.64,60,60,2700,21811.100,23484.600,True,15.218,reality.1000.1,133,true
322,WinMart+ [NW],NW,Siêu thị,Thanh Xuân,21.1119924,105.7258822,-12367.452633,15010.470016,1,0.69,60,60,2700,24962.700,24792.700,True,169.649,reality.1000.1,848,true
323,Trường Trung học cơ sở Yên Mỹ [N],N,Trường học,Hoàng Mai,21.0497070,105.8825970,3903.523375,8084.649532,1,1.18,60,60,2700,12775.600,13161.000,True,18.266,reality.1000.1,81,true
324,Taste Tea [S],S,Cửa hàng đồ uống,Thanh Xuân,20.8975785,105.8481332,325.305728,-8831.267867,1,0.46,60,60,2700,10973.300,11324.700,True,23.461,reality.1000.1,486,true
325,Trường Trung học cơ sở Văn Đức [NW],NW,Trường học,Hoàng Mai,21.0450725,105.7939565,-5299.611548,7569.316644,1,0.44,60,60,1800,12244.600,11868.900,True,9.46,reality.1000.1,892,true
326,Cà Phê 3k [NE],NE,Cửa hàng đồ uống,Thanh Xuân,21.0744813,105.9484556,10741.318532,10839.426003,1,0.89,60,60,3600,19307.600,20770.600,True,37.097,reality.1000.1,154,true
327,WinMart+ [S],S,Siêu thị,Thanh Xuân,20.8972413,105.8199995,-2595.686787,-8868.762796,1,1.56,60,60,1800,10720.700,10853.100,True,28.499,reality.1000.1,518,true
328,Trường Tiểu học Tam Hiệp [NE],NE,Trường học,Hoàng Mai,21.0521912,105.9578668,11718.440089,8360.879968,1,1.03,60,60,2700,17606.600,19506.400,True,32.595,reality.1000.1,177,true
329,Không có tên [NW],NW,Cửa hàng đồ uống,Hoàng Mai,21.0900057,105.7588808,-8941.359954,12565.660522,1,1.43,60,60,1800,21609.900,21130.500,True,20.765,reality.1000.1,805,true
330,WinMart+ [SW],SW,Siêu thị,Hoàng Mai,20.8655990,105.7893530,-5777.571754,-12387.226023,1,0.72,60,60,2700,22619.200,20740.200,True,334.648,reality.1000.1,631,true
331,Đảng uỷ - HĐND - UBND phường Thanh Xuân [E],E,Uỷ ban nhân dân,Thanh Xuân,20.9886799,105.9267271,8485.348437,1298.745624,1,1.54,60,60,2700,13014.500,14729.700,True,2.06,reality.1000.1,343,true
332,WinMart+ [SE],SE,Siêu thị,Thanh Xuân,20.8888109,105.9614712,12092.668343,-9806.180505,1,0.35,60,60,2700,28958.700,28039.000,True,27.363,reality.1000.1,371,true
333,Trường Trung học cơ sở Lĩnh Nam [N],N,Trường học,Hoàng Mai,21.0878264,105.9023286,5952.164538,12323.333418,1,1.16,60,60,2700,18381.700,19068.600,True,50.63,reality.1000.1,94,true
334,Trường Tiểu học Hoàng Liệt [S],S,Trường học,Hoàng Mai,20.8523928,105.8498610,504.695245,-13855.688463,1,1.85,60,60,2700,18060.800,16440.700,True,9.887,reality.1000.1,424,true
335,Siêu Thị T-Mart [NW],NW,Siêu thị,Thanh Xuân,21.0733648,105.7316170,-11772.034758,10715.276867,1,1.14,60,60,1800,20031.800,19861.800,True,10.805,reality.1000.1,786,true
336,Everything Coffee 'N Bagel [S],S,Cửa hàng đồ uống,Thanh Xuân,20.8899854,105.8058396,-4065.843997,-9675.582064,1,0.47,60,60,3600,17708.700,17589.200,True,104.731,reality.1000.1,528,true
337,WinMart+ [NW],NW,Siêu thị,Hoàng Mai,21.0809958,105.7818167,-6560.031078,11563.805352,1,1.83,60,60,2700,18873.100,17918.300,True,30.61,reality.1000.1,858,true
338,Cục Tần số vô tuyến điện [NW],NW,Uỷ ban nhân dân,Thanh Xuân,21.1107123,105.6936838,-15710.464230,14868.129390,1,1.45,60,60,2700,29458.400,29604.700,True,24.457,reality.1000.1,887,true
339,Quan an Nam Nhu 1 [E],E,Cửa hàng ăn uống,Hoàng Mai,20.9685702,106.0091177,17039.585024,-937.350993,1,0.95,60,60,1800,23447.600,25813.900,True,78.799,reality.1000.1,312,true
340,KFC [S],S,Cửa hàng ăn uống,Hoàng Mai,20.8536675,105.8380728,-719.219276,-13713.948290,1,0.96,60,60,2700,18389.900,16769.800,True,22.145,reality.1000.1,439,true
341,WinMart+ [N],N,Siêu thị,Thanh Xuân,21.0907566,105.8124548,-3379.018244,12649.156792,1,0.95,60,60,3600,17338.500,17153.300,True,86.221,reality.1000.1,91,true
342,Cà Phê KOK [N],N,Cửa hàng đồ uống,Thanh Xuân,21.0859680,105.8268254,-1886.985023,12116.688767,1,1.93,60,60,1800,16203.200,16749.100,True,136.61,reality.1000.1,50,true
343,WinMart+ [NE],NE,Siêu thị,Thanh Xuân,21.0987051,105.9489246,10790.012642,13532.989667,1,1.54,60,60,3600,22652.700,24407.700,True,51.659,reality.1000.1,176,true
344,WinMart+ [N],N,Siêu thị,Thanh Xuân,21.0804372,105.8476727,277.494133,11501.691866,1,0.79,60,60,3600,20302.500,21002.400,True,3.009,reality.1000.1,5,true
345,Kho bạc Nhà nước Đống Đa [SW],SW,Uỷ ban nhân dân,Thanh Xuân,20.9000788,105.7218210,-12789.108327,-8553.247191,1,0.75,60,60,2700,22711.100,22692.000,True,35.579,reality.1000.1,623,true
346,WinMart+ [NE],NE,Siêu thị,Thanh Xuân,21.1022284,105.9411370,9981.461996,13924.762752,1,1.77,60,60,2700,21498.300,22726.800,True,10.553,reality.1000.1,199,true
347,WinMart+ [W],W,Siêu thị,Thanh Xuân,21.0053494,105.7042179,-14616.757137,3152.309453,1,1.56,60,60,1800,19346.100,18741.300,True,4.701,reality.1000.1,760,true
348,WinMart+ [NE],NE,Siêu thị,Thanh Xuân,21.0961035,105.9692210,12897.294388,13243.704946,1,0.96,60,60,1800,22001.200,23611.200,True,11.983,reality.1000.1,138,true
349,Trường Mầm non Sao Mai [W],W,Trường học,Hoàng Mai,20.9808560,105.7186840,-13114.808591,428.767637,1,0.83,60,60,1800,19382.300,18915.900,True,436.759,reality.1000.1,679,true
350,Trung tâm Hỗ trợ doanh nghiệp Hà Nội [S],S,Uỷ ban nhân dân,Thanh Xuân,20.8995435,105.8016273,-4503.187708,-8612.769836,1,1.38,60,60,3600,16894.500,16777.600,True,10.643,reality.1000.1,534,true
351,Noble Moment [N],N,Cửa hàng đồ uống,Thanh Xuân,21.1119743,105.8141984,-3197.988286,15008.457387,1,1.53,60,60,2700,22363.000,21715.800,True,12.592,reality.1000.1,104,true
352,Trường Đại học Công nghệ và Quản lý Hữu Nghị [NE],NE,Trường học,Hoàng Mai,21.0848544,105.9923709,15300.841899,11992.862096,1,0.99,60,60,3600,24510.000,26407.600,True,26.001,reality.1000.1,145,true
353,Trường Đại học Kinh tế - Kỹ thuật Công nghiệp (cơ sở 218 Lĩnh Nam) [W],W,Trường học,Hoàng Mai,20.9739263,105.7710477,-7678.126756,-341.779846,1,1.25,60,60,3600,10985.300,10785.900,True,9.477,reality.1000.1,708,true
354,Trường Mầm non Sao Mai [NE],NE,Trường học,Hoàng Mai,21.0867719,105.9537391,11289.880006,12206.078368,1,1.87,60,60,2700,22925.600,22225.900,True,60.017,reality.1000.1,143,true
355,WinMart+ [NW],NW,Siêu thị,Hoàng Mai,21.0790687,105.7880094,-5917.071555,11349.521609,1,0.34,60,60,3600,17504.600,16879.000,True,3.153,reality.1000.1,873,true
356,WinMart+ [NW],NW,Siêu thị,Hoàng Mai,21.0699296,105.7404818,-10851.643396,10333.300055,1,1.07,60,60,2700,19692.100,18172.300,True,27.133,reality.1000.1,783,true
357,Trung tâm Công nghệ Phần mềm Thủy lợi [SE],SE,Uỷ ban nhân dân,Thanh Xuân,20.8947190,105.9522405,11134.287269,-9149.229759,1,1.42,60,60,1800,24989.800,26593.700,True,11.751,reality.1000.1,381,true
358,WinMart+ [N],N,Siêu thị,Thanh Xuân,21.1139334,105.7964695,-5038.698331,15226.299368,1,1.05,60,60,2700,22512.700,22548.300,True,33.769,reality.1000.1,119,true
359,WinMart+ [SE],SE,Siêu thị,Thanh Xuân,20.8758286,105.9172143,7497.678220,-11249.746402,1,1.14,60,60,3600,18061.300,18005.800,True,23.317,reality.1000.1,404,true
360,WinMart+ [N],N,Siêu thị,Hoàng Mai,21.0643948,105.8757215,3189.671872,9717.858375,1,1.78,60,60,3600,13928.900,14483.500,True,196.209,reality.1000.1,37,true
361,WinMart+ [W],W,Siêu thị,Thanh Xuân,20.9981936,105.7349517,-11425.808213,2356.620797,1,0.71,60,60,2700,17191.300,16837.100,True,41.221,reality.1000.1,703,true
362,WinMart+ [NE],NE,Siêu thị,Thanh Xuân,21.0867944,105.9658873,12551.171669,12208.580254,1,1.69,60,60,3600,21627.800,23855.700,True,29.147,reality.1000.1,127,true
363,Taste Tea [NE],NE,Cửa hàng đồ uống,Thanh Xuân,21.1137947,105.9639148,12346.376078,15210.876632,1,1.12,60,60,1800,24044.700,25711.600,True,43.02,reality.1000.1,192,true
364,WinMart+ [E],E,Siêu thị,Thanh Xuân,20.9772591,105.9479574,10689.592720,28.810605,1,1.68,60,60,1800,21220.800,17432.900,True,6.167,reality.1000.1,278,true
365,Cục Dự trữ Nhà nước khu vực Hà Nội,C,Uỷ ban nhân dân,Thanh Xuân,20.9897784,105.8399155,-527.900221,1420.893251,1,0.67,60,60,3600,3014.100,2334.300,True,19.873,reality.1000.1,914,true
366,WinMart+ [S],S,Siêu thị,Hoàng Mai,20.8537134,105.8562634,1169.426954,-13708.844443,1,0.66,60,60,1800,17236.000,15624.100,True,15.445,reality.1000.1,419,true
367,WinMart+ [W],W,Siêu thị,Thanh Xuân,20.9843605,105.7130617,-13698.546109,818.450258,1,1.42,60,60,3600,19169.900,18703.500,True,113.076,reality.1000.1,709,true
368,Starbucks [S],S,Cửa hàng đồ uống,Thanh Xuân,20.8912145,105.8168978,-2917.722015,-9538.912380,1,1.26,60,60,2700,11544.400,11676.700,True,6.734,reality.1000.1,515,true
369,WinMart+ [SW],SW,Siêu thị,Thanh Xuân,20.8789786,105.7319886,-11733.453241,-10899.482383,1,1.76,60,60,1800,26130.400,26111.300,True,15.35,reality.1000.1,559,true
370,WinMart+ [N],N,Siêu thị,Thanh Xuân,21.1050271,105.8456896,71.597992,14235.963993,1,1.81,60,60,2700,23114.600,22753.200,True,12.658,reality.1000.1,49,true
371,WinMart+ [NE],NE,Siêu thị,Thanh Xuân,21.1029599,105.9724608,13233.667903,14006.101841,1,1.30,60,60,3600,22654.900,25012.500,True,33.351,reality.1000.1,158,true
372,Trường Mầm Non Hoạ Mi [SW],SW,Trường học,Hoàng Mai,20.8387775,105.7306045,-11877.157970,-15369.640748,1,1.38,60,60,1800,26373.000,27656.800,True,42.783,reality.1000.1,582,true
373,WinMart+ [SE],SE,Siêu thị,Thanh Xuân,20.8738937,105.9232149,8120.692885,-11464.897465,1,1.48,60,60,1800,18299.400,18243.900,True,194.532,reality.1000.1,396,true
374,WinMart+ [E],E,Siêu thị,Hoàng Mai,20.9795482,105.9849201,14527.259647,283.346912,1,1.66,60,60,2700,20042.000,22387.600,True,65.034,reality.1000.1,256,true
375,WinMart+ [NE],NE,Siêu thị,Thanh Xuân,21.1139334,105.9122511,6982.372020,15226.299368,1,1.49,60,60,1800,22408.700,23172.600,True,14.657,reality.1000.1,240,true
376,WinMart+,C,Siêu thị,Hoàng Mai,20.9856060,105.8578995,1339.295682,956.943539,1,1.54,60,60,2700,2701.400,3314.100,True,1.456,reality.1000.1,907,true
377,Chợ Nhân Chính [NE],NE,Chợ dân sinh,Thanh Xuân,21.1004378,105.9363233,9481.677692,13725.657116,1,0.27,60,60,1800,21294.700,22524.100,True,15.449,reality.1000.1,206,true
378,WinMart+ [E],E,Siêu thị,Thanh Xuân,20.9680107,105.9682823,12799.833490,-999.564554,1,0.49,60,60,2700,20949.600,23258.900,True,79.454,reality.1000.1,241,true
379,WinMart+ [SE],SE,Siêu thị,Thanh Xuân,20.8982722,105.9440580,10284.735975,-8754.131946,1,1.62,60,60,1800,25640.900,27244.800,True,16.426,reality.1000.1,392,true
380,WinMart+ [N],N,Siêu thị,Hoàng Mai,21.0699296,105.8562634,1169.426954,10333.300055,1,1.60,60,60,2700,14669.900,15455.600,True,47.04,reality.1000.1,6,true
381,WinMart+ [NW],NW,Siêu thị,Thanh Xuân,21.0761188,105.7367191,-11242.307210,11021.507695,1,0.79,60,60,1800,20117.700,21196.500,True,8.225,reality.1000.1,778,true
382,AEON MaxValu Linh Đàm [NE],NE,Siêu thị,Hoàng Mai,21.0661348,105.9500533,10907.200365,9911.337547,1,1.23,60,60,2700,18162.900,20850.400,True,257.169,reality.1000.1,160,true
383,WinMart+ [N],N,Siêu thị,Thanh Xuân,21.0761188,105.8525007,778.763140,11021.507695,1,1.87,60,60,1800,19516.000,20215.900,True,4.803,reality.1000.1,1,true
384,Trường Mầm non Tứ Hiệp (điểm Đồng Trì) [NE],NE,Trường học,Hoàng Mai,21.0427644,105.9887950,14929.572670,7312.667634,1,1.03,60,60,1800,22132.300,24032.100,True,21.552,reality.1000.1,205,true
385,Everything Coffee 'N Bagel [N],N,Cửa hàng đồ uống,Thanh Xuân,21.1062016,105.8058396,-4065.843997,14366.562434,1,1.85,60,60,3600,23390.400,22743.200,True,2.984,reality.1000.1,111,true
386,WinMart+ [E],E,Siêu thị,Thanh Xuân,20.9902300,105.9538033,11296.545596,1471.108880,1,1.40,60,60,1800,19123.800,17798.700,True,0.304,reality.1000.1,285,true
387,Siêu thị Đức Thành [S],S,Siêu thị,Hoàng Mai,20.8691872,105.8636083,1932.014097,-11988.236387,1,0.57,60,60,2700,14666.100,13020.500,True,7.906,reality.1000.1,420,true
388,Trường Trung học cơ sở Văn Đức [NE],NE,Trường học,Hoàng Mai,21.0450725,106.0255197,18742.529152,7569.316644,1,0.56,60,60,2700,25022.300,27317.400,True,0.707,reality.1000.1,237,true
389,Cà Phê Parkland,C,Cửa hàng đồ uống,Thanh Xuân,20.9867346,105.8322499,-1323.784168,1082.438133,1,1.55,60,60,1800,2956.600,3360.000,True,15.638,reality.1000.1,913,true
390,Trường Trung học cơ sở Yên Mỹ,C,Trường học,Hoàng Mai,20.9476567,105.8713580,2736.629761,-3262.826091,1,1.48,60,60,1800,8161.600,9403.200,True,32.236,reality.1000.1,993,true
391,Trường Tiểu học Chu Văn An [W],W,Trường học,Hoàng Mai,20.9530722,105.7182361,-13161.311985,-2660.649966,1,0.85,60,60,1800,22307.400,21815.300,True,16.708,reality.1000.1,702,true
392,WinMart+ [W],W,Siêu thị,Hoàng Mai,20.9609439,105.7658946,-8213.149399,-1785.356862,1,0.85,60,60,1800,11845.100,11555.200,True,3.797,reality.1000.1,700,true
393,Trường Quốc tế Singapore [NE],NE,Trường học,Hoàng Mai,21.0716967,106.0020146,16302.102861,10529.792610,1,0.91,60,60,3600,23655.400,25555.300,True,4.004,reality.1000.1,175,true
394,Trường Tiểu học Tam Hiệp,C,Trường học,Hoàng Mai,20.9501409,105.8308462,-1469.523875,-2986.595654,1,1.51,60,60,2700,4611.100,6556.400,True,9.465,reality.1000.1,945,true
395,WinMart+ [NE],NE,Siêu thị,Hoàng Mai,21.0790687,106.0195726,18125.069146,11349.521609,1,1.52,60,60,1800,25823.600,27723.500,True,8.399,reality.1000.1,218,true
396,WinMart+ [W],W,Siêu thị,Thanh Xuân,20.9839367,105.6856511,-16544.462480,771.325848,1,0.88,60,60,1800,23845.600,23353.500,True,100.496,reality.1000.1,766,true
397,Chợ Xanh Văn Quán [NW],NW,Chợ dân sinh,Thanh Xuân,21.0763192,105.6869028,-16414.504234,11043.791158,1,0.81,60,60,2700,23429.600,22933.300,True,33.958,reality.1000.1,880,true
398,Trường Mầm non Thịnh Liệt (cơ sở Giáp Nhị) [NE],NE,Trường học,Hoàng Mai,21.0770667,105.9764206,13644.795702,11126.909366,1,0.61,60,60,1800,21695.100,23633.300,True,1.459,reality.1000.1,121,true
399,Cà Phê Big One [E],E,Cửa hàng đồ uống,Thanh Xuân,21.0038035,105.9746692,13462.955905,2980.413216,1,0.54,60,60,1800,20945.400,20744.400,True,58.745,reality.1000.1,306,true
400,Đảng uỷ - HĐND - UBND phường Thanh Xuân [NW],NW,Uỷ ban nhân dân,Thanh Xuân,21.0967880,105.6951639,-15556.792263,13319.817873,1,1.23,60,60,2700,25281.500,24797.700,True,0.111,reality.1000.1,875,true
401,WinMart+ [N],N,Siêu thị,Hoàng Mai,21.0809958,105.8975983,5461.039272,11563.805352,1,0.66,60,60,3600,18335.300,19022.300,True,138.799,reality.1000.1,82,true
402,WinMart+ [N],N,Siêu thị,Thanh Xuân,21.0823370,105.8315470,-1396.763039,11712.939988,1,0.80,60,60,2700,15815.000,15084.000,True,341.784,reality.1000.1,36,true
403,MM Mega Market Hoàng Mai [N],N,Siêu thị,Hoàng Mai,21.0715654,105.8773172,3355.346054,10515.192716,1,1.22,60,60,3600,17651.800,16114.200,True,31.605,reality.1000.1,31,true
404,WinMart+,C,Siêu thị,Hoàng Mai,20.9878361,105.8516807,693.626316,1204.919345,1,1.17,60,60,2700,2244.600,2848.600,True,1.454,reality.1000.1,903,true
405,WinMart+,C,Siêu thị,Thanh Xuân,21.0114072,105.8087605,-3762.580401,3825.906080,1,1.92,60,60,2700,7210.900,6740.200,True,9.48,reality.1000.1,984,true
406,Cà Phê Big One [N],N,Cửa hàng đồ uống,Thanh Xuân,21.1119116,105.8588876,1441.885555,15001.485465,1,1.56,60,60,3600,21417.900,26239.300,True,38.486,reality.1000.1,63,true
407,Trung tâm Công nghệ Phần mềm Thủy lợi [S],S,Uỷ ban nhân dân,Thanh Xuân,20.8947190,105.8364589,-886.783081,-9149.229759,1,0.43,60,60,3600,10550.600,10683.000,True,49.365,reality.1000.1,491,true
408,Siêu thị Đức Thành [NW],NW,Siêu thị,Hoàng Mai,21.0854034,105.7478267,-10089.056253,12053.908111,1,1.12,60,60,1800,22680.200,22510.100,True,48.893,reality.1000.1,784,true
409,WinMart+ [SW],SW,Siêu thị,Hoàng Mai,20.8481786,105.7599399,-8831.398479,-14324.286123,1,1.65,60,60,2700,23769.000,25060.900,True,8.703,reality.1000.1,575,true
410,9.0cafe [S],S,Cửa hàng đồ uống,Thanh Xuân,20.9006147,105.8159563,-3015.473624,-8493.657830,1,1.59,60,60,2700,10959.400,11091.800,True,29.251,reality.1000.1,525,true
411,Không có tên [NE],NE,Cửa hàng đồ uống,Hoàng Mai,21.0900057,105.9904440,15100.780746,12565.660522,1,1.80,60,60,1800,24339.100,25953.500,True,120.693,reality.1000.1,146,true
412,Trường Mầm non Văn Đức (điểm Chử Xá) [N],N,Trường học,Hoàng Mai,21.0418534,105.9142454,7189.431005,7211.369056,1,1.05,60,60,1800,12507.300,13358.600,True,92.72,reality.1000.1,118,true
413,Cục Sở hữu Trí tuệ [SW],SW,Uỷ ban nhân dân,Thanh Xuân,20.8797258,105.7009307,-14958.051975,-10816.397533,1,0.29,60,60,3600,24725.900,24716.200,True,13.538,reality.1000.1,621,true
414,Tịnh Cafe [W],W,Cửa hàng đồ uống,Thanh Xuân,20.9974296,105.7061760,-14413.456631,2271.667873,1,0.48,60,60,1800,21269.200,20388.000,True,21.336,reality.1000.1,746,true
415,WinMart+ [NE],NE,Siêu thị,Thanh Xuân,21.1050271,105.9614712,12092.668343,14235.963993,1,1.37,60,60,1800,23273.000,24006.300,True,30.326,reality.1000.1,169,true
416,Trường Trung học cơ sở Lĩnh Nam [NW],NW,Trường học,Hoàng Mai,21.0878264,105.7865470,-6068.905812,12323.333418,1,1.68,60,60,2700,17879.900,17496.000,True,0.76,reality.1000.1,870,true
417,WinMart+ [N],N,Siêu thị,Thanh Xuân,21.1029599,105.8566792,1212.597553,14006.101841,1,0.77,60,60,3600,19658.200,20474.500,True,20.151,reality.1000.1,38,true
418,Trường Mầm non Yên Mỹ [W],W,Trường học,Hoàng Mai,20.9365148,105.7667198,-8127.472683,-4501.748844,1,0.73,60,60,2700,12575.800,13196.200,True,21.796,reality.1000.1,747,true
419,WinMart+ [N],N,Siêu thị,Hoàng Mai,21.0690520,105.8816762,3807.920951,10235.715387,1,1.28,60,60,2700,15082.800,16243.000,True,7.137,reality.1000.1,45,true
420,WinMart+ [SE],SE,Siêu thị,Thanh Xuân,20.8924144,105.9421093,10082.411428,-9405.489587,1,1.45,60,60,2700,25244.100,26848.000,True,49.637,reality.1000.1,387,true
421,Trường Mầm Non Đại Từ [E],E,Trường học,Hoàng Mai,20.9644642,105.9583045,11763.884464,-1393.917361,1,1.13,60,60,3600,19527.300,21836.600,True,200.336,reality.1000.1,255,true
422,WinMart+,C,Siêu thị,Thanh Xuân,20.9783869,105.8364337,-889.399481,154.216244,1,1.55,60,60,3600,3102.100,2922.300,True,14.25,reality.1000.1,915,true
423,KFC [SW],SW,Cửa hàng ăn uống,Hoàng Mai,20.8536675,105.7222912,-12740.289626,-13713.948290,1,0.57,60,60,3600,26532.500,27816.300,True,78.989,reality.1000.1,562,true
424,WinMart+ [N],N,Siêu thị,Hoàng Mai,21.0876563,105.8691385,2506.189296,12304.419161,1,0.22,60,60,1800,17690.000,18877.700,True,87.427,reality.1000.1,16,true
425,Không có tên [NW],NW,Trường học,Hoàng Mai,21.0757880,105.7638415,-8426.313318,10984.724413,1,1.56,60,60,1800,20490.000,19893.200,True,6.452,reality.1000.1,811,true
426,Trường Tiểu học Tam Hiệp [SW],SW,Trường học,Hoàng Mai,20.8359750,105.7263036,-12323.700611,-15681.264530,1,0.26,60,60,3600,26741.200,28025.100,True,24.783,reality.1000.1,594,true
427,Trường Mầm non Thịnh Liệt (cơ sở Giáp Nhị) [N],N,Trường học,Hoàng Mai,21.0770667,105.8606390,1623.725352,11126.909366,1,1.69,60,60,1800,18918.300,19618.200,True,154.467,reality.1000.1,2,true
428,WinMart+ [S],S,Siêu thị,Thanh Xuân,20.8924144,105.8263277,-1938.658922,-9405.489587,1,1.77,60,60,2700,10666.700,10799.100,True,3.027,reality.1000.1,502,true
429,Starbucks [NE],NE,Cửa hàng đồ uống,Thanh Xuân,21.1074307,105.9326794,9103.348336,14503.232119,1,0.35,60,60,3600,22150.500,23360.200,True,211.141,reality.1000.1,221,true
430,Kho bạc Nhà nước Đống Đa [N],N,Uỷ ban nhân dân,Thanh Xuân,21.1162950,105.8376026,-768.037977,15488.897307,1,1.32,60,60,1800,21820.800,21874.500,True,248.116,reality.1000.1,88,true
431,Trường Mầm non A Tứ Hiệp [SW],SW,Trường học,Hoàng Mai,20.8348385,105.7445918,-10424.921023,-15807.637564,1,0.79,60,60,1800,28483.900,29788.700,True,10.556,reality.1000.1,587,true
432,Trường Đại học Công nghệ và Quản lý Hữu Nghị,C,Trường học,Hoàng Mai,20.9828041,105.8653503,2112.877935,645.386474,1,0.64,60,60,2700,3625.400,4274.800,True,35.69,reality.1000.1,923,true
433,Chợ Trung Kính [N],N,Chợ dân sinh,Thanh Xuân,21.1152762,105.8105359,-3578.248795,15375.611916,1,1.08,60,60,1800,22958.200,22310.900,True,66.828,reality.1000.1,113,true
434,Trường Trung học cơ sở Văn Đức [S],S,Trường học,Hoàng Mai,20.8288563,105.9097381,6721.458802,-16472.827854,1,0.49,60,60,1800,21737.200,21681.700,True,33.975,reality.1000.1,533,true
435,Trường Mầm non Định Công (Cơ sở 3) [S],S,Trường học,Hoàng Mai,20.8652302,105.8396319,-557.345103,-12428.234712,1,1.82,60,60,3600,17605.100,15984.900,True,11.865,reality.1000.1,431,true
436,Trường Mầm non Định Công (Cơ sở 3) [SW],SW,Trường học,Hoàng Mai,20.8652302,105.7238503,-12578.415453,-12428.234712,1,1.67,60,60,3600,25649.900,26949.300,True,15.74,reality.1000.1,554,true
437,WinMart+ [SW],SW,Siêu thị,Thanh Xuân,20.8792904,105.7270914,-12241.906965,-10864.811804,1,0.98,60,60,3600,25483.400,25464.300,True,20.229,reality.1000.1,565,true
438,Cục Sở hữu Trí tuệ [W],W,Uỷ ban nhân dân,Thanh Xuân,20.9878339,105.7009307,-14958.051975,1204.674716,1,1.17,60,60,3600,20251.200,19784.800,True,5.703,reality.1000.1,743,true
439,Hội đồng nhân dân - Ủy ban nhân dân phường Thanh Liệt [NE],NE,Uỷ ban nhân dân,Thanh Xuân,21.0821695,105.9328685,9122.981718,11694.314838,1,0.48,60,60,3600,20335.300,21545.000,True,53.504,reality.1000.1,197,true
440,WinMart+ [NE],NE,Siêu thị,Hoàng Mai,21.0876886,106.0030524,16409.852856,12308.010757,1,1.38,60,60,2700,25873.400,27487.800,True,78.288,reality.1000.1,178,true
441,WinMart+ [SW],SW,Siêu thị,Thanh Xuân,20.8860122,105.7095738,-14060.678704,-10117.381747,1,1.63,60,60,3600,24933.400,24923.600,True,13.841,reality.1000.1,613,true
442,WinMart+ [N],N,Siêu thị,Thanh Xuân,21.0920448,105.8014327,-4523.392130,12792.398097,1,1.11,60,60,2700,18760.700,19438.000,True,199.318,reality.1000.1,107,true
443,WinMart+ [S],S,Siêu thị,Hoàng Mai,20.8683335,105.8931615,5000.386760,-12083.163496,1,0.67,60,60,1800,15466.100,15410.600,True,65.865,reality.1000.1,485,true
444,Trường Mầm non Lĩnh Nam (cơ sở 2) [S],S,Trường học,Hoàng Mai,20.8722606,105.8974202,5442.547969,-11646.489900,1,1.04,60,60,3600,15438.500,15383.000,True,4.478,reality.1000.1,499,true
445,WinMart+ [W],W,Siêu thị,Thanh Xuân,20.9939432,105.7001079,-15043.479510,1883.997881,1,1.36,60,60,2700,21377.200,20495.900,True,110.18,reality.1000.1,753,true
446,Cafe Dinh [SW],SW,Cửa hàng đồ uống,Hoàng Mai,20.8259156,105.7498144,-9882.682515,-16799.818775,1,0.87,60,60,3600,28405.500,29710.300,True,71.681,reality.1000.1,615,true
447,WinMart+ [N],N,Siêu thị,Thanh Xuân,21.0924686,105.8288433,-1677.475759,12839.522507,1,1.73,60,60,2700,24593.100,24231.800,True,161.996,reality.1000.1,53,true
448,Trường Trung học cơ sở Yên Mỹ [E],E,Trường học,Hoàng Mai,20.9415989,105.9983786,15924.593725,-3936.422718,1,0.59,60,60,2700,25322.000,28122.400,True,10.696,reality.1000.1,324,true
449,Thuế cơ sở 4 thành phố Hà Nội [N],N,Uỷ ban nhân dân,Thanh Xuân,21.1163232,105.8327410,-1272.795517,15492.033004,1,1.94,60,60,3600,21215.100,21104.100,True,8.072,reality.1000.1,93,true
450,WinMart+ [NW],NW,Siêu thị,Thanh Xuân,21.0907566,105.6966732,-15400.088595,12649.156792,1,1.98,60,60,1800,24222.500,23756.300,True,148.103,reality.1000.1,867,true
451,Không có tên [SW],SW,Cửa hàng đồ uống,Hoàng Mai,20.8737895,105.7588808,-8941.359954,-11476.483976,1,1.12,60,60,2700,20236.600,21300.000,True,17.837,reality.1000.1,564,true
452,Trường Mầm non Yên Mỹ,C,Trường học,Hoàng Mai,20.9425726,105.8712624,2726.704053,-3828.152218,1,0.36,60,60,1800,7871.500,9113.100,True,27.91,reality.1000.1,991,true
453,WinMart+ [N],N,Siêu thị,Hoàng Mai,21.0582097,105.8593252,1487.319548,9030.106634,1,1.26,60,60,3600,13327.800,14113.500,True,259.783,reality.1000.1,30,true
454,WinMart+ [NE],NE,Siêu thị,Hoàng Mai,21.0845497,106.0089431,17021.457110,11958.981002,1,0.35,60,60,2700,26387.500,28190.500,True,42.775,reality.1000.1,191,true
455,Chợ Trung Kính [S],S,Chợ dân sinh,Thanh Xuân,20.8990600,105.8105359,-3578.248795,-8666.532583,1,1.53,60,60,3600,12798.400,12930.800,True,15.832,reality.1000.1,530,true
456,Trường Trung học cơ sở Yên Mỹ [W],W,Trường học,Hoàng Mai,20.9415989,105.7668154,-8117.546976,-3936.422718,1,1.39,60,60,2700,15470.500,15452.200,True,13.358,reality.1000.1,737,true
457,Cafe Dinh [W],W,Cửa hàng đồ uống,Hoàng Mai,20.9340237,105.7498144,-9882.682515,-4778.746526,1,0.30,60,60,2700,15832.000,15813.600,True,208.078,reality.1000.1,736,true
458,Trường Tiểu học Hoàng Liệt [NE],NE,Trường học,Hoàng Mai,21.0686090,105.9656426,12525.765595,10186.456035,1,1.21,60,60,3600,20244.800,22144.700,True,90.084,reality.1000.1,130,true
459,Không có tên [E],E,Cửa hàng đồ uống,Hoàng Mai,20.9818976,105.9904440,15100.780746,544.588273,1,1.11,60,60,1800,21636.600,23235.100,True,11.213,reality.1000.1,268,true
460,WinMart+ [S],S,Siêu thị,Thanh Xuân,20.8821219,105.8380217,-724.524754,-10549.963370,1,1.31,60,60,3600,13003.000,13354.400,True,33.075,reality.1000.1,457,true
461,WinMart+ [S],S,Siêu thị,Hoàng Mai,20.8419935,105.8593252,1487.319548,-15012.037864,1,1.95,60,60,3600,18917.100,17305.200,True,51.237,reality.1000.1,443,true
462,Cà Phê KOK [E],E,Cửa hàng đồ uống,Thanh Xuân,20.9778599,105.9426070,10134.085327,95.616517,1,1.54,60,60,3600,15448.200,16804.000,True,13.564,reality.1000.1,293,true
463,WinMart+ [W],W,Siêu thị,Thanh Xuân,20.9730515,105.7112930,-13882.182085,-439.053168,1,1.14,60,60,2700,20697.000,20204.900,True,29.545,reality.1000.1,701,true
464,Trường Tiểu học Tam Hiệp [E],E,Trường học,Hoàng Mai,20.9440831,105.9578668,11718.440089,-3660.192281,1,1.35,60,60,1800,19979.800,22321.800,True,4.614,reality.1000.1,299,true
465,Phường Ô Chợ Dừa [W],W,Chợ dân sinh,Thanh Xuân,21.0151110,105.7191491,-13066.519400,4237.749849,1,0.43,60,60,1800,17786.900,19256.300,True,4.212,reality.1000.1,761,true
466,WinMart+,C,Siêu thị,Thanh Xuân,20.9878691,105.8128848,-3334.373325,1208.588777,1,1.31,60,60,3600,6062.700,7032.800,True,7.29,reality.1000.1,970,true
467,Highlands Coffee [NE],NE,Cửa hàng đồ uống,Hoàng Mai,21.0672278,105.9599854,11938.404571,10032.873602,1,0.39,60,60,1800,19362.300,22195.100,True,94.509,reality.1000.1,137,true
468,Trường Mầm non Yên Mỹ [E],E,Trường học,Hoàng Mai,20.9365148,105.9982830,15914.668017,-4501.748844,1,1.59,60,60,2700,25681.000,28636.900,True,60.051,reality.1000.1,334,true
469,siêu thị 24h ninja mark,C,Siêu thị,Thanh Xuân,20.9829490,105.8099270,-3641.468078,661.498619,1,1.82,60,60,3600,5674.600,6662.900,True,10.671,reality.1000.1,967,true
470,Trường Trung học cơ sở Tân Định [W],W,Trường học,Hoàng Mai,20.9821479,105.7406029,-10839.070141,572.420363,1,1.73,60,60,1800,16751.700,16395.900,True,19.262,reality.1000.1,665,true
471,TK mark,C,Chợ dân sinh,Thanh Xuân,20.9891267,105.8080635,-3834.946701,1348.427517,1,1.82,60,60,2700,6722.400,7531.000,True,5.672,reality.1000.1,980,true
472,Không có tên [NW],NW,Trường học,Hoàng Mai,21.0654581,105.7233248,-12632.975698,9836.091941,1,1.20,60,60,2700,19664.400,19773.900,True,20.803,reality.1000.1,807,true
473,Trường Mầm non Hoa Mai,C,Trường học,Hoàng Mai,20.9798526,105.8492103,437.136060,317.194648,1,1.51,60,60,2700,2137.400,2790.800,True,30.787,reality.1000.1,902,true
474,WinMart+ [SW],SW,Siêu thị,Thanh Xuân,20.8799661,105.7103253,-13982.653920,-10789.677393,1,1.58,60,60,3600,25730.500,25720.700,True,62.986,reality.1000.1,600,true
475,WinMart+ [S],S,Siêu thị,Thanh Xuân,20.8799661,105.8261069,-1961.583570,-10789.677393,1,0.73,60,60,1800,12840.700,12973.100,True,30.839,reality.1000.1,477,true
476,Trường Trung học cơ sở Lĩnh Nam [E],E,Trường học,Hoàng Mai,20.9797183,106.0181102,17973.234888,302.261169,1,1.52,60,60,1800,23649.900,28106.700,True,0.348,reality.1000.1,338,true
477,WinMart+ [E],E,Siêu thị,Thanh Xuân,21.0063803,105.9440580,10284.735975,3266.940303,1,1.52,60,60,3600,15376.000,17734.500,True,74.655,reality.1000.1,339,true
478,Trường Mầm non Kim Lan [S],S,Trường học,Hoàng Mai,20.8478913,105.9141960,7184.302030,-14356.232426,1,0.35,60,60,1800,19362.700,19307.200,True,9.496,reality.1000.1,531,true
479,Trường Mầm non Yên Mỹ [NE],NE,Trường học,Hoàng Mai,21.0446229,105.9982830,15914.668017,7519.323405,1,0.31,60,60,3600,22756.100,25051.200,True,53.695,reality.1000.1,211,true
480,Chợ Nhân Chính [W],W,Chợ dân sinh,Thanh Xuân,20.9923297,105.7047601,-14560.463008,1704.584867,1,0.78,60,60,3600,20422.900,19956.600,True,25.706,reality.1000.1,742,true
481,siêu thị 24h ninja mark [SW],SW,Siêu thị,Thanh Xuân,20.8687831,105.7053844,-14495.644814,-12033.170257,1,0.20,60,60,3600,26399.100,26389.400,True,22.103,reality.1000.1,602,true
482,WinMart+ [E],E,Siêu thị,Hoàng Mai,20.9466063,105.9790780,13920.701307,-3379.625242,1,0.77,60,60,1800,21922.600,24093.200,True,1.792,reality.1000.1,284,true
483,5050 Rooftop Cafe & Pub [W],W,Cửa hàng đồ uống,Thanh Xuân,20.9778493,105.6952722,-15545.547973,94.437851,1,0.20,60,60,3600,22964.900,22472.800,True,33.563,reality.1000.1,749,true
484,WinMart+ [E],E,Siêu thị,Hoàng Mai,20.9759899,105.9975887,15842.582045,-112.317995,1,1.70,60,60,1800,21493.000,23859.300,True,5.45,reality.1000.1,283,true
485,Không có tên,C,Cửa hàng đồ uống,Thanh Xuân,21.0055089,105.8457566,78.554294,3170.045044,1,1.94,60,60,1800,4567.000,4431.300,True,7.864,reality.1000.1,942,true
486,WinMart+ [NW],NW,Siêu thị,Thanh Xuân,21.1021091,105.6950940,-15564.049658,13911.497197,1,1.05,60,60,1800,25618.300,25134.500,True,85.398,reality.1000.1,878,true
487,Everything Coffee 'N Bagel [SW],SW,Cửa hàng đồ uống,Thanh Xuân,20.8899854,105.6900580,-16086.914347,-9675.582064,1,1.39,60,60,3600,24235.100,24225.300,True,52.997,reality.1000.1,647,true
488,KFC [W],W,Cửa hàng ăn uống,Hoàng Mai,20.9617756,105.7222912,-12740.289626,-1692.876041,1,0.77,60,60,2700,18912.300,18420.200,True,1.146,reality.1000.1,680,true
489,Trường Mầm Non Đại Từ [SW],SW,Trường học,Hoàng Mai,20.8563561,105.7267413,-12278.256236,-13414.989611,1,0.22,60,60,3600,24902.700,26186.500,True,14.053,reality.1000.1,551,true
490,WinMart+ [N],N,Siêu thị,Thanh Xuân,21.0867944,105.8501057,530.101319,12208.580254,1,1.46,60,60,1800,21734.200,22434.100,True,101.552,reality.1000.1,8,true
491,Coffee Cây [E],E,Cửa hàng đồ uống,Thanh Xuân,21.0021092,105.9471977,10610.716567,2792.015652,1,0.46,60,60,2700,16633.300,18583.900,True,19.235,reality.1000.1,326,true
492,Trường Mầm non Hoàng Liệt (cơ sở Tứ Kỳ) [N],N,Trường học,Hoàng Mai,21.0621079,105.8503432,554.759850,9463.566697,1,1.49,60,60,3600,13362.900,11701.700,True,0.692,reality.1000.1,22,true
493,WinMart+ [E],E,Siêu thị,Hoàng Mai,20.9562867,105.9915031,15210.742222,-2303.213874,1,1.20,60,60,1800,23347.000,26235.100,True,4.277,reality.1000.1,279,true
494,Trung tâm Công nghệ Phần mềm Thủy lợi,C,Uỷ ban nhân dân,Thanh Xuân,21.0088849,105.8252199,-2053.676695,3545.439117,1,1.06,60,60,1800,6378.300,5509.500,True,1.671,reality.1000.1,975,true
495,Trường Mầm Non Hoạ Mi [S],S,Trường học,Hoàng Mai,20.8387775,105.8463861,143.912380,-15369.640748,1,0.73,60,60,3600,19824.400,18204.300,True,92.054,reality.1000.1,458,true
496,Trường Mầm non Kim Lan [N],N,Trường học,Hoàng Mai,21.0641075,105.9141960,7184.302030,9685.912073,1,0.35,60,60,2700,14481.100,15170.700,True,0.43,reality.1000.1,114,true
497,WinMart+ [S],S,Siêu thị,Thanh Xuân,20.8789786,105.8477702,287.617109,-10899.482383,1,1.06,60,60,2700,17698.600,16078.500,True,134.256,reality.1000.1,436,true
498,WinMart+ [S],S,Siêu thị,Thanh Xuân,20.8691510,105.8321758,-1331.477630,-11992.261644,1,1.20,60,60,3600,18114.600,16484.500,True,7.756,reality.1000.1,450,true
499,Cục Tần số vô tuyến điện [S],S,Uỷ ban nhân dân,Thanh Xuân,20.8944961,105.8094654,-3689.393880,-9174.015108,1,0.49,60,60,2700,12714.400,12846.800,True,22.703,reality.1000.1,527,true
500,WinMart+ [N],N,Siêu thị,Hoàng Mai,21.0876886,105.8872708,4388.782506,12308.010757,1,0.57,60,60,3600,19386.700,20946.800,True,24.786,reality.1000.1,57,true
