id,name,zone,type,district,lat,lon,x_m,y_m,dronable,demand,drone_service_s,truck_service_s,lw_s,depot_osrm_distance_m,to_depot_osrm_distance_m,road_reachable,osrm_snap_distance_m,source_dataset,original_id,inside_30mile_square,outside_20mile_square
0,depot,,depot,Thanh Xuân - Hoàng Mai,20.977,105.845,0.000000,0.000000,,,,,,,,,,depot,0,,
1,WinMart+,C,Siêu thị,Hoàng Mai,20.9409840,105.8461022,114.436350,-4004.796478,1,0.76,60,60,2700,5084.000,4888.400,True,1.635,reality.1000.1,952,true,false
2,WinMart+ [N],N,Siêu thị,Thanh Xuân,21.0983381,105.8380217,-724.524754,13492.181129,1,0.76,60,60,1800,23696.500,23335.200,True,74.206,reality.1000.1,43,true,false
3,Cửa Hàng Fast Food,,amenity:restaurant,Thành phố Bắc Ninh,21.1765819,106.0631101,22670.839054,22217.457108,1,1.03,60,60,3600,43625.585,43625.585,true,,openstreetmap_20_30_ring,node:6545253557,true,true
4,Trường Mầm non Thịnh Liệt (cơ sở Giáp Nhị),C,Trường học,Hoàng Mai,20.9750164,105.8494000,456.831738,-220.566256,1,1.20,60,60,2700,1550.300,1885.100,True,21.936,reality.1000.1,899,true,false
5,Không có tên [S],S,Trường học,Hoàng Mai,20.8492419,105.8391064,-611.905348,-14206.052558,1,0.64,60,60,2700,18621.300,17001.200,True,0.472,reality.1000.1,442,true,false
6,Trường Cao đẳng Hà Nội [NE],NE,Trường học,Hoàng Mai,21.0500351,105.9483243,10727.686257,8121.132587,1,1.75,60,60,1800,17930.100,19829.900,True,20.44,reality.1000.1,195,true,false
7,Highlands Coffee [SW],SW,Cửa hàng đồ uống,Hoàng Mai,20.8510116,105.7284222,-12103.736130,-14009.270896,1,0.67,60,60,1800,25445.300,26794.300,True,41.603,reality.1000.1,555,true,false
8,Trường Tiểu học Chu Văn An [SW],SW,Trường học,Hoàng Mai,20.8389604,105.7369531,-11218.012068,-15349.303196,1,1.15,60,60,2700,26743.500,28035.400,True,18.966,reality.1000.1,577,true,false
9,BIDV CRM,,amenity:atm,Thạch Thất,21.0170316,105.6131858,-24095.273069,4456.317712,1,1.27,60,60,1800,33677.213,33677.213,true,,openstreetmap_20_30_ring,node:1498025754,true,true
10,Ủy ban nhân dân xã Nghĩa Hương,,office:government,,20.9728109,105.6140828,-24002.036934,-466.330612,1,1.05,60,60,1800,32993.701,32993.701,true,,openstreetmap_20_30_ring,node:6185334966,true,true
11,Liên kết,,shop:electronics,,20.8645457,106.0766717,24080.461308,-12518.412676,1,1.07,60,60,3600,37300.163,37300.163,true,,openstreetmap_20_30_ring,node:4751996622,true,true
12,Chợ Trung Kính [SW],SW,Chợ dân sinh,Thanh Xuân,20.8990600,105.6947543,-15599.319145,-8666.532583,1,0.31,60,60,2700,22704.700,22694.900,True,40.258,reality.1000.1,649,true,false
13,WinMart+ [W],W,Siêu thị,Thanh Xuân,20.9818113,105.7083422,-14188.550061,534.992151,1,1.86,60,60,3600,20335.300,19869.000,True,12.432,reality.1000.1,716,true,false
14,Trường Tiểu học Đại Kim,C,Trường học,Hoàng Mai,20.9780535,105.8219244,-2395.833284,117.143855,1,1.02,60,60,2700,4567.300,4325.300,True,44.188,reality.1000.1,943,true,false
15,WinMart+ [W],W,Siêu thị,Thanh Xuân,20.9902300,105.7222401,-12745.595104,1471.108880,1,0.91,60,60,1800,18183.200,17716.800,True,11.255,reality.1000.1,698,true,false
16,The Coffee House [E],E,Cửa hàng đồ uống,Thanh Xuân,20.9715242,105.9147526,7242.091245,-608.881179,1,0.80,60,60,1800,14993.800,16597.700,True,7.547,reality.1000.1,355,true,false
17,Sunshine Heritage Resort,,amenity:restaurant,Phúc Thọ,21.0897788,105.6141552,-23994.511520,12554.536016,1,1.86,60,60,2700,37218.384,37218.384,true,,openstreetmap_20_30_ring,node:8197311959,true,true
18,WinMart+ [SW],SW,Siêu thị,Thanh Xuân,20.8642210,105.7318911,-11743.576217,-12540.452632,1,0.30,60,60,1800,24850.300,26149.700,True,36.71,reality.1000.1,541,true,false
19,Trường Tiểu học Tam Hiệp,C,Trường học,Hoàng Mai,20.9501409,105.8308462,-1469.523875,-2986.595654,1,1.51,60,60,3600,4611.100,6556.400,True,9.465,reality.1000.1,945,true,false
20,Siêu thị B11 Kim Liên [SW],SW,Siêu thị,Thanh Xuân,20.8933838,105.7305874,-11878.933384,-9297.697225,1,1.44,60,60,3600,22881.100,22683.200,True,101.35,reality.1000.1,599,true,false
21,WinMart+ [E],E,Siêu thị,Thanh Xuân,21.0053494,105.9357811,9425.383563,3152.309453,1,1.88,60,60,2700,15416.300,17661.800,True,11.086,reality.1000.1,347,true,false
22,WinMart+ [S],S,Siêu thị,Hoàng Mai,20.8481786,105.8757215,3189.671872,-14324.286123,1,1.14,60,60,1800,17557.600,16105.400,True,32.679,reality.1000.1,451,true,false
23,Cục Sở hữu Trí tuệ [SW],SW,Uỷ ban nhân dân,Thanh Xuân,20.8797258,105.7009307,-14958.051975,-10816.397533,1,0.29,60,60,1800,24725.900,24716.200,True,13.538,reality.1000.1,621,true,false
24,Trường Mầm non Yên Mỹ [NE],NE,Trường học,Hoàng Mai,21.0446229,105.9982830,15914.668017,7519.323405,1,0.31,60,60,3600,22756.100,25051.200,True,53.695,reality.1000.1,211,true,false
25,WinMart+ [NW],NW,Siêu thị,Hoàng Mai,21.0876563,105.7533569,-9514.881054,12304.419161,1,1.37,60,60,1800,23330.600,21567.800,True,97.63,reality.1000.1,793,true,false
26,Siêu Thị T-Mart [E],E,Siêu thị,Thanh Xuân,20.9652567,105.9631802,12270.105943,-1305.795382,1,0.54,60,60,2700,20567.900,22877.200,True,92.374,reality.1000.1,249,true,false
27,Nhà văn hóa thôn Văn Phú,,amenity:community_centre,,20.8486030,105.6300451,-22342.880690,-14293.154040,1,1.75,60,60,3600,36452.943,36452.943,true,,openstreetmap_20_30_ring,node:7187541619,true,true
28,Trường Đại học Kinh tế - Kỹ thuật Công nghiệp (cơ sở 218 Lĩnh Nam) [NE],NE,Trường học,Hoàng Mai,21.0820344,106.0026109,16364.013944,11679.292403,1,0.33,60,60,2700,26437.100,28051.500,True,3.341,reality.1000.1,173,true,true
29,WinMart+ [N],N,Siêu thị,Hoàng Mai,21.0876563,105.8691385,2506.189296,12304.419161,1,0.22,60,60,1800,17690.000,18877.700,True,87.427,reality.1000.1,16,true,false
30,Hội đồng nhân dân - Ủy ban nhân dân phường Thanh Liệt [E],E,Uỷ ban nhân dân,Thanh Xuân,20.9740614,105.9328685,9122.981718,-326.757411,1,1.08,60,60,2700,14535.100,16127.500,True,79.668,reality.1000.1,319,true,false
31,Cửa Hàng Tiện Lợi BV Mart [SE],SE,Siêu thị,Thanh Xuân,20.8649222,105.9230904,8107.766623,-12462.482749,1,0.72,60,60,3600,18779.700,18724.200,True,44.62,reality.1000.1,394,true,false
32,Trường Đại học Công nghệ và Quản lý Hữu Nghị [N],N,Trường học,Hoàng Mai,21.0848544,105.8765893,3279.771549,11992.862096,1,0.74,60,60,2700,17328.700,18813.700,True,3.825,reality.1000.1,26,true,false
33,Trung tâm Hỗ trợ doanh nghiệp Hà Nội [E],E,Uỷ ban nhân dân,Thanh Xuân,21.0076516,105.9174089,7517.882642,3408.302414,1,0.50,60,60,3600,11554.800,13143.000,True,33.327,reality.1000.1,362,true,false
34,Trường Quốc tế Singapore [W],W,Trường học,Hoàng Mai,20.9635886,105.7704514,-7740.037839,-1491.279639,1,0.66,60,60,1800,11691.000,11217.200,True,11.398,reality.1000.1,710,true,false
35,The Coffee House [NE],NE,Cửa hàng đồ uống,Thanh Xuân,21.0796323,105.9147526,7242.091245,11412.191070,1,0.98,60,60,2700,17116.000,18365.100,True,22.369,reality.1000.1,232,true,false
36,Sang hà,,shop:convenience,,20.7994977,105.6724396,-17936.303983,-19759.556036,1,1.85,60,60,1800,36676.429,36676.429,true,,openstreetmap_20_30_ring,node:5101080628,true,true
37,Không có tên,,leisure:park,,21.1922217,106.0393316,20199.249950,23958.479644,1,1.08,60,60,2700,43068.605,43068.605,true,,openstreetmap_20_30_ring,node:6545865254,true,true
38,WinMart+ [W],W,Siêu thị,Thanh Xuân,20.9870867,105.7319886,-11733.453241,1121.589867,1,0.46,60,60,1800,17360.000,16893.600,True,54.598,reality.1000.1,678,true,false
39,Phường Ô Chợ Dừa [W],W,Chợ dân sinh,Thanh Xuân,21.0151110,105.7191491,-13066.519400,4237.749849,1,0.43,60,60,1800,17786.900,19256.300,True,4.212,reality.1000.1,761,true,false
40,WinMart+ [S],S,Siêu thị,Hoàng Mai,20.8528358,105.8816762,3807.920951,-13806.429111,1,1.73,60,60,2700,15302.500,15516.600,True,4.889,reality.1000.1,459,true,false
41,Starbucks [E],E,Cửa hàng đồ uống,Thanh Xuân,20.9811356,105.9130793,7068.360212,459.857739,1,1.57,60,60,1800,14048.400,15652.300,True,11.458,reality.1000.1,358,true,false
42,Trường Mầm non Tứ Hiệp (điểm Đồng Trì) [W],W,Trường học,Hoàng Mai,20.9346563,105.7572318,-9112.568031,-4708.404615,1,1.81,60,60,2700,15387.000,15368.700,True,33.072,reality.1000.1,740,true,false
43,Không có tên [SE],SE,Cửa hàng đồ uống,Thanh Xuân,20.9002924,105.9688261,12856.293740,-8529.495955,1,1.95,60,60,2700,28539.200,25364.500,True,167.491,reality.1000.1,383,true,false
44,WinMart+ [NE],NE,Siêu thị,Thanh Xuân,21.0901099,105.9232149,8120.692885,12577.247033,1,1.90,60,60,2700,18509.900,19719.600,True,4.7,reality.1000.1,222,true,false
45,WinMart+ [NE],NE,Siêu thị,Thanh Xuân,21.1086306,105.9421093,10082.411428,14636.654911,1,1.98,60,60,1800,21629.700,22525.700,True,12.765,reality.1000.1,208,true,false
46,Chợ Trung Kính [S],S,Chợ dân sinh,Thanh Xuân,20.8990600,105.8105359,-3578.248795,-8666.532583,1,1.53,60,60,3600,12798.400,12930.800,True,15.832,reality.1000.1,530,true,false
47,WinMart+ [NW],NW,Siêu thị,Hoàng Mai,21.0699296,105.7404818,-10851.643396,10333.300055,1,1.07,60,60,2700,19692.100,18172.300,True,27.133,reality.1000.1,783,true,false
48,Chùa Cao,,amenity:place_of_worship,,21.0223412,105.6438966,-20903.125598,5047.382384,1,0.67,60,60,2700,29554.101,29554.101,true,,openstreetmap_20_30_ring,node:5317498207,true,true
49,Trường Tiểu học Tam Hiệp [NE],NE,Trường học,Hoàng Mai,21.0521912,105.9578668,11718.440089,8360.879968,1,1.03,60,60,3600,17606.600,19506.400,True,32.595,reality.1000.1,177,true,false
50,Không có tên [E],E,Uỷ ban nhân dân,Thanh Xuân,20.9927835,105.9670805,12675.056131,1755.045125,1,1.56,60,60,1800,18050.100,20600.200,True,26.573,reality.1000.1,275,true,false
51,Chùa Một Mái,,amenity:place_of_worship,,21.0237471,105.6410221,-21201.907392,5203.887172,1,1.55,60,60,1800,30003.962,30003.962,true,,openstreetmap_20_30_ring,node:5317498202,true,true
52,Qua ngã tư Hữu Bằng-Dị Nậu 30m,,public_transport:platform,,21.0448557,105.6264573,-22715.804440,7553.696524,1,0.51,60,60,3600,32900.564,32900.564,true,,openstreetmap_20_30_ring,node:8808913235,true,true
53,Không có tên [SW],SW,Trường học,Hoàng Mai,20.8595718,105.7638415,-8426.313318,-13057.420085,1,0.64,60,60,2700,21711.000,23400.200,True,41.569,reality.1000.1,570,true,false
54,Không có tên [NE],NE,Trường học,Hoàng Mai,21.0757880,105.9954047,15615.827383,10984.724413,1,1.11,60,60,2700,24167.300,25744.900,True,13.743,reality.1000.1,152,true,false
55,9.0cafe [N],N,Cửa hàng đồ uống,Thanh Xuân,21.1168309,105.8159563,-3015.473624,15548.486668,1,1.76,60,60,1800,22232.400,21138.500,True,0.736,reality.1000.1,108,true,false
56,WinMart+ [NW],NW,Siêu thị,Hoàng Mai,21.0643948,105.7599399,-8831.398479,9717.858375,1,1.96,60,60,3600,17157.100,17251.200,True,16.124,reality.1000.1,816,true,false
57,Trường Trung học cơ sở Lĩnh Nam [N],N,Trường học,Hoàng Mai,21.0878264,105.9023286,5952.164538,12323.333418,1,1.16,60,60,2700,18381.700,19068.600,True,50.63,reality.1000.1,94,true,false
58,TK mark,C,Chợ dân sinh,Thanh Xuân,20.9891267,105.8080635,-3834.946701,1348.427517,1,1.82,60,60,1800,6722.400,7531.000,True,5.672,reality.1000.1,980,true,false
59,Thường Nga,,shop:electronics,,20.9832534,106.0306314,19294.932205,696.128488,1,0.29,60,60,1800,26535.465,26535.465,true,,openstreetmap_20_30_ring,node:4744802325,true,true
60,Cục Sở hữu Trí tuệ [E],E,Uỷ ban nhân dân,Thanh Xuân,20.9878339,105.9324939,9084.088725,1204.674716,1,0.69,60,60,3600,13957.400,15313.200,True,21.049,reality.1000.1,330,true,false
61,Coffee Cây [S],S,Cửa hàng đồ uống,Thanh Xuân,20.8940011,105.8314161,-1410.353783,-9229.056597,1,1.91,60,60,1800,10455.200,10587.600,True,13.827,reality.1000.1,497,true,false
62,5050 Rooftop Cafe & Pub [NW],NW,Cửa hàng đồ uống,Thanh Xuân,21.0859574,105.6952722,-15545.547973,12115.510100,1,1.71,60,60,3600,24416.300,23950.100,True,86.427,reality.1000.1,868,true,false
63,Không có tên [SW],SW,Uỷ ban nhân dân,Thanh Xuân,20.8846754,105.7355173,-11367.084570,-10266.027124,1,1.74,60,60,1800,24298.100,25334.900,True,62.472,reality.1000.1,571,true,false
64,Vien Thong A,,shop:electronics,Thành phố Từ Sơn,21.1236787,105.9708756,13083.784146,16328.272884,1,0.76,60,60,1800,28756.619,28756.619,true,,openstreetmap_20_30_ring,node:5533599221,true,true
65,WinMart+ [SW],SW,Siêu thị,Hoàng Mai,20.8678818,105.7660255,-8199.558655,-12133.390245,1,1.08,60,60,1800,22507.800,22674.700,True,6.915,reality.1000.1,579,true,false
66,King BBQ,,amenity:restaurant,Thành phố Bắc Ninh,21.1733322,106.0629060,22649.624455,21855.700504,1,0.98,60,60,3600,43258.062,43258.062,true,,openstreetmap_20_30_ring,node:6545253583,true,true
67,Trường Tiểu học Chu Văn An,C,Trường học,Hoàng Mai,20.9591300,105.8227787,-2307.135249,-1987.053339,1,1.34,60,60,3600,4707.300,4455.000,True,47.389,reality.1000.1,948,true,false
68,Starbucks [W],W,Cửa hàng đồ uống,Thanh Xuân,20.9993226,105.7011162,-14938.792365,2482.159870,1,1.57,60,60,2700,20574.100,19692.900,True,32.01,reality.1000.1,757,true,false
69,WinMart+ [W],W,Siêu thị,Thanh Xuân,20.9880742,105.7103253,-13982.653920,1231.394857,1,0.31,60,60,2700,19244.000,18777.600,True,1.356,reality.1000.1,718,true,false
70,Trường Mầm non Đại Thanh,C,Trường học,Hoàng Mai,20.9441227,105.8424059,-269.333457,-3655.788962,1,0.88,60,60,3600,4476.500,4610.900,True,39.406,reality.1000.1,939,true,false
71,Cà Phê Big One [SW],SW,Cửa hàng đồ uống,Thanh Xuân,20.8956954,105.7431060,-10579.184795,-9040.659033,1,1.95,60,60,1800,18150.000,18414.400,True,16.321,reality.1000.1,601,true,false
72,Không có tên [NE],NE,Cửa hàng đồ uống,Thanh Xuân,21.1045249,105.9474137,10633.142853,14180.121901,1,1.00,60,60,1800,22593.400,23826.000,True,20.777,reality.1000.1,189,true,false
73,WinMart+ [NW],NW,Siêu thị,Thanh Xuân,21.0961035,105.7376578,-11144.846312,13243.704946,1,1.68,60,60,1800,23041.400,22871.400,True,51.363,reality.1000.1,797,true,false
74,WinMart+,,shop:convenience,Thành phố Bắc Ninh,21.1811052,106.0623556,22592.414679,22720.990864,1,1.16,60,60,3600,44036.667,44036.667,true,,openstreetmap_20_30_ring,node:6545240632,true,true
75,Đảng uỷ - HĐND - UBND phường Thanh Xuân [SE],SE,Uỷ ban nhân dân,Thanh Xuân,20.8805718,105.9267271,8485.348437,-10722.326625,1,1.91,60,60,2700,19789.400,19733.900,True,0.456,reality.1000.1,395,true,false
76,Glory 2 Hotel,,tourism:hotel,Thành phố Bắc Ninh,21.1779675,106.0675964,23137.154851,22371.702100,1,1.62,60,60,1800,44232.689,44232.689,true,,openstreetmap_20_30_ring,node:4748437281,true,true
77,Không có tên [S],S,Trường học,Hoàng Mai,20.8438070,105.8431084,-196.396117,-14810.385865,1,0.86,60,60,2700,18956.700,17336.500,True,8.352,reality.1000.1,449,true,false
78,Trường Mầm non Kim Lan [SW],SW,Trường học,Hoàng Mai,20.8478913,105.7984144,-4836.768320,-14356.232426,1,1.63,60,60,2700,21352.000,21385.200,True,79.645,reality.1000.1,650,true,false
79,WinMart+ [S],S,Siêu thị,Thanh Xuân,20.8957762,105.8416638,-346.382283,-9031.674483,1,1.21,60,60,3600,11349.100,11700.500,True,45.28,reality.1000.1,487,true,false
80,Hội đồng nhân dân - Ủy ban nhân dân phường Thanh Liệt [SW],SW,Uỷ ban nhân dân,Thanh Xuân,20.8659533,105.7013053,-14919.158982,-12347.829661,1,1.28,60,60,2700,26400.900,26391.100,True,16.97,reality.1000.1,611,true,false
81,WinMart+ [SW],SW,Siêu thị,Hoàng Mai,20.8528358,105.7658946,-8213.149399,-13806.429111,1,0.48,60,60,1800,22785.600,24077.500,True,15.945,reality.1000.1,583,true,false
82,Chùa Đống Cao,,amenity:place_of_worship,,21.1673784,106.0315375,19389.114213,21192.923488,1,1.52,60,60,1800,39477.390,39477.390,true,,openstreetmap_20_30_ring,node:6546579569,true,true
83,WinMart+ [SW],SW,Siêu thị,Thanh Xuân,20.8789786,105.7319886,-11733.453241,-10899.482383,1,1.76,60,60,1800,26130.400,26111.300,True,15.35,reality.1000.1,559,true,false
84,Chợ Nhân Chính [W],W,Chợ dân sinh,Thanh Xuân,20.9923297,105.7047601,-14560.463008,1704.584867,1,0.78,60,60,3600,20422.900,19956.600,True,25.706,reality.1000.1,742,true,false
85,Chợ Nhân Chính [SE],SE,Chợ dân sinh,Thanh Xuân,20.8842216,105.9363233,9481.677692,-10316.487382,1,0.38,60,60,3600,25521.200,27125.100,True,2.144,reality.1000.1,385,true,false
86,WinMart+ [W],W,Siêu thị,Thanh Xuân,21.0063803,105.7124948,-13757.404725,3266.940303,1,1.37,60,60,3600,18713.800,18104.400,True,12.694,reality.1000.1,752,true,false
87,Quan an Nam Nhu 1 [W],W,Cửa hàng ăn uống,Hoàng Mai,20.9685702,105.7775545,-7002.555676,-937.350993,1,1.88,60,60,1800,9964.200,9903.100,True,27.478,reality.1000.1,725,true,false
88,Trường Mầm non Tứ Hiệp (điểm Đồng Trì) [SW],SW,Trường học,Hoàng Mai,20.8265482,105.7572318,-9112.568031,-16729.476865,1,0.48,60,60,1800,27169.900,28589.700,True,3.253,reality.1000.1,618,true,true
89,WinMart+ [N],N,Siêu thị,Hoàng Mai,21.0845497,105.8931615,5000.386760,11958.981002,1,1.23,60,60,1800,19551.700,20238.600,True,111.189,reality.1000.1,70,true,false
90,WinMart+ [NW],NW,Siêu thị,Thanh Xuân,21.1069720,105.7416300,-10732.431078,14452.227006,1,1.60,60,60,1800,28152.100,27363.300,True,450.665,reality.1000.1,817,true,false
91,Trường Mầm non Thịnh Liệt (cơ sở Giáp Nhị) [E],E,Trường học,Hoàng Mai,20.9689586,105.9764206,13644.795702,-894.162883,1,1.50,60,60,1800,21544.000,23889.600,True,20.345,reality.1000.1,242,true,false
92,5050 Rooftop Cafe & Pub [W],W,Cửa hàng đồ uống,Thanh Xuân,20.9778493,105.6952722,-15545.547973,94.437851,1,0.20,60,60,3600,22964.900,22472.800,True,33.563,reality.1000.1,749,true,false
93,Không có tên [SW],SW,Cửa hàng đồ uống,Hoàng Mai,20.8737895,105.7588808,-8941.359954,-11476.483976,1,1.12,60,60,3600,20236.600,21300.000,True,17.837,reality.1000.1,564,true,false
94,WinMart+ [SE],SE,Siêu thị,Thanh Xuân,20.8982722,105.9440580,10284.735975,-8754.131946,1,1.62,60,60,3600,25640.900,27244.800,True,16.426,reality.1000.1,392,true,false
95,Đông Anh,,public_transport:station,,21.1538329,105.8516744,693.751679,19685.038428,1,1.74,60,60,2700,27071.155,27071.155,true,,openstreetmap_20_30_ring,node:582845534,true,true
96,WinMart+ [NE],NE,Siêu thị,Thanh Xuân,21.0811596,105.9428562,10159.958615,11582.019081,1,1.44,60,60,1800,21745.200,21630.300,True,25.579,reality.1000.1,166,true,false
97,Giang Tám,,shop:electronics,,20.8002949,105.9623665,12199.329750,-19670.811732,1,1.47,60,60,1800,31811.778,31811.778,true,,openstreetmap_20_30_ring,node:4761019423,true,true
98,Starbucks [NE],NE,Cửa hàng đồ uống,Thanh Xuân,21.0892437,105.9130793,7068.360212,12480.929988,1,1.84,60,60,3600,19474.000,20060.900,True,4.202,reality.1000.1,234,true,false
99,Đình Văn Phú,,amenity:place_of_worship,,20.8487860,105.6297044,-22378.293791,-14272.782480,1,1.24,60,60,1800,36478.888,36478.888,true,,openstreetmap_20_30_ring,node:7187541618,true,true
100,WinMart+ [NE],NE,Siêu thị,Thanh Xuân,21.0907566,105.9282364,8642.052106,12649.156792,1,1.36,60,60,3600,19376.700,20586.400,True,33.021,reality.1000.1,212,true,false
101,Quan an Nam Nhu 1 [SW],SW,Cửa hàng ăn uống,Hoàng Mai,20.8604621,105.7775545,-7002.555676,-12958.423242,1,1.54,60,60,3600,22728.700,20071.100,True,247.988,reality.1000.1,606,true,false
102,WinMart+ [E],E,Siêu thị,Thanh Xuân,21.0005225,105.9421093,10082.411428,2615.582662,1,0.40,60,60,1800,14111.000,16301.200,True,5.542,reality.1000.1,331,true,false
103,Trường Mầm non Kim Lan [S],S,Trường học,Hoàng Mai,20.8478913,105.9141960,7184.302030,-14356.232426,1,0.35,60,60,3600,19362.700,19307.200,True,9.496,reality.1000.1,531,true,false
104,Trường Trung học cơ sở Tân Định [S],S,Trường học,Hoàng Mai,20.8740398,105.8563845,1182.000209,-11448.651886,1,1.85,60,60,2700,14234.500,14370.900,True,99.565,reality.1000.1,423,true,false
105,Siêu thị Đức Thành,C,Siêu thị,Hoàng Mai,20.9833531,105.8523693,765.120483,706.432488,1,1.63,60,60,3600,1886.400,2875.600,True,12.622,reality.1000.1,900,true,false
106,WinMart+ [NW],NW,Siêu thị,Thanh Xuân,21.1113303,105.6885502,-16243.462278,14936.847855,1,0.55,60,60,2700,28992.800,29139.200,True,19.509,reality.1000.1,891,true,true
107,Trường Mầm non Tứ Hiệp (điểm Cổ Điển B) [S],S,Trường học,Hoàng Mai,20.8307324,105.8657703,2156.484601,-16264.215052,1,0.44,60,60,3600,20243.000,18631.100,True,64.465,reality.1000.1,481,true,true
108,Không có tên,,leisure:park,,21.1922823,106.0392450,20190.248558,23965.225636,1,0.66,60,60,1800,43067.722,43067.722,true,,openstreetmap_20_30_ring,node:6545865252,true,true
109,Tự  hạnh,,shop:convenience,,20.8139198,105.7836264,-6379.305716,-18154.087864,1,1.85,60,60,3600,26445.889,26445.889,true,,openstreetmap_20_30_ring,node:5103114243,true,true
110,Co.opmart [S],S,Siêu thị,Thanh Xuân,20.8683879,105.8014391,-4522.727648,-12077.114492,1,1.88,60,60,1800,19205.100,19308.600,True,80.07,reality.1000.1,523,true,false
111,Chùa Trăm Gian,,public_transport:platform,,20.9490068,105.6814215,-17002.705726,-3116.203024,1,0.48,60,60,2700,23757.091,23757.091,true,,openstreetmap_20_30_ring,node:7893470200,true,true
112,WinMart+ [S],S,Siêu thị,Hoàng Mai,20.8678818,105.8818071,3821.511695,-12133.390245,1,1.01,60,60,1800,14192.600,13707.900,True,48.828,reality.1000.1,455,true,false
113,WinMart+ [N],N,Siêu thị,Thanh Xuân,21.0987051,105.8331430,-1231.057708,13532.989667,1,1.69,60,60,3600,24295.400,23934.000,True,27.809,reality.1000.1,55,true,false
114,Trường Tiểu học Đại Kim [NE],NE,Trường học,Hoàng Mai,21.0801038,105.9489450,10792.130680,11464.619478,1,1.04,60,60,2700,20239.200,21219.200,True,7.245,reality.1000.1,151,true,false
115,Nhà Hàng Thiên Đức,,amenity:restaurant,,21.1763113,106.0629721,22656.495033,22187.333916,1,1.95,60,60,3600,43582.531,43582.531,true,,openstreetmap_20_30_ring,node:6545253559,true,true
116,Chùa Thầm,,public_transport:platform,,21.0318630,106.0218744,18384.710543,6107.349160,1,0.87,60,60,1800,26624.944,26624.944,true,,openstreetmap_20_30_ring,node:4369636412,true,true
117,Tổng kho K-market,,shop:department_store,,20.9335809,105.6670250,-18499.109306,-4833.414212,1,1.72,60,60,3600,26277.955,26277.955,true,,openstreetmap_20_30_ring,node:6587963985,true,true
118,Không có tên [NW],NW,Trường học,Hoàng Mai,21.0757880,105.7638415,-8426.313318,10984.724413,1,1.56,60,60,1800,20490.000,19893.200,True,6.452,reality.1000.1,811,true,false
119,Không có tên,,amenity:watering_place,,20.8707457,105.6248934,-22878.359614,-11828.228676,1,1.38,60,60,1800,35396.849,35396.849,true,,openstreetmap_20_30_ring,node:7187542978,true,true
120,WinMart+ [S],S,Siêu thị,Thanh Xuân,20.8951141,105.8043318,-4222.391928,-9105.296644,1,1.76,60,60,1800,17048.900,16932.000,True,25.09,reality.1000.1,532,true,false
121,WinMart+ [E],E,Siêu thị,Thanh Xuân,21.0063803,105.9440580,10284.735975,3266.940303,1,1.52,60,60,2700,15376.000,17734.500,True,74.655,reality.1000.1,339,true,false
122,Trường Trung học cơ sở Lĩnh Nam [NW],NW,Trường học,Hoàng Mai,21.0878264,105.7865470,-6068.905812,12323.333418,1,1.68,60,60,3600,17879.900,17496.000,True,0.76,reality.1000.1,870,true,false
123,Quý Dương,,shop:electronics,,20.8592478,106.0590743,22251.349208,-13108.174904,1,0.84,60,60,3600,35493.316,35493.316,true,,openstreetmap_20_30_ring,node:4751972621,true,true
124,Chợ Nhân Chính [SW],SW,Chợ dân sinh,Thanh Xuân,20.8842216,105.7047601,-14560.463008,-10316.487382,1,0.79,60,60,3600,25063.600,25053.800,True,27.412,reality.1000.1,620,true,false
125,Đối diện cổng Khu công nghiệp Bắc Thăng Long,,public_transport:platform,,21.1250073,105.7790048,-6859.684891,16476.172636,1,0.37,60,60,3600,24528.389,24528.389,true,,openstreetmap_20_30_ring,node:8807115925,true,true
126,WinMart+ [NW],NW,Siêu thị,Hoàng Mai,21.0707607,105.7755360,-7212.127236,10425.714159,1,1.47,60,60,3600,19121.300,18507.800,True,3.014,reality.1000.1,844,true,false
127,Trường Quốc tế Singapore [SW],SW,Trường học,Hoàng Mai,20.8554805,105.7704514,-7740.037839,-13512.351888,1,1.97,60,60,1800,22953.700,24190.100,True,22.326,reality.1000.1,592,true,false
128,WinMart+,C,Siêu thị,Thanh Xuân,20.9783869,105.8364337,-889.399481,154.216244,1,1.55,60,60,1800,3102.100,2922.300,True,14.25,reality.1000.1,915,true,false
129,Trường Quốc tế Singapore,C,Trường học,Hoàng Mai,20.9696464,105.8749940,3114.138897,-817.683013,1,1.72,60,60,2700,5326.600,6083.700,True,34.733,reality.1000.1,958,true,false
130,Cafe Dinh [NW],NW,Cửa hàng đồ uống,Hoàng Mai,21.0421318,105.7498144,-9882.682515,7242.325723,1,1.63,60,60,1800,16346.400,15550.200,True,27.587,reality.1000.1,856,true,false
131,Làng nghề đồ gỗ mỹ nghệ Thạch Thất,,public_transport:platform,,21.0450567,105.6160812,-23794.318884,7576.071844,1,0.55,60,60,3600,34319.612,34319.612,true,,openstreetmap_20_30_ring,node:8808907369,true,true
132,Vân dũng,,shop:convenience,,21.0773915,105.6644786,-18763.787670,11175.581780,1,1.34,60,60,2700,30015.670,30015.670,true,,openstreetmap_20_30_ring,node:5182828524,true,true
133,WinMart+ [NE],NE,Siêu thị,Thanh Xuân,21.1029599,105.9724608,13233.667903,14006.101841,1,1.30,60,60,2700,22654.900,25012.500,True,33.351,reality.1000.1,158,true,false
134,Duy năm,,shop:electronics,,20.9619546,106.0538946,21712.959903,-1674.853928,1,1.56,60,60,2700,29930.103,29930.103,true,,openstreetmap_20_30_ring,node:4748114924,true,true
135,Không có tên,,amenity:bicycle_parking,,21.1221980,105.8148398,-3134.916907,16163.441360,1,0.49,60,60,3600,22628.375,22628.375,true,,openstreetmap_20_30_ring,node:4695893389,true,true
136,WinMart+ [N],N,Siêu thị,Thanh Xuân,21.1119924,105.8416638,-346.382283,15010.470016,1,1.20,60,60,3600,22784.800,22423.400,True,6.446,reality.1000.1,72,true,false
137,Tịnh Cafe [N],N,Cửa hàng đồ uống,Thanh Xuân,21.1055377,105.8219576,-2392.386281,14292.740123,1,0.23,60,60,2700,22413.100,21765.800,True,34.417,reality.1000.1,89,true,false
138,WinMart+ [SW],SW,Siêu thị,Thanh Xuân,20.8825988,105.6896035,-16134.102989,-10496.934509,1,0.94,60,60,2700,25349.900,25340.100,True,64.486,reality.1000.1,641,true,true
139,WinMart+ [SW],SW,Siêu thị,Thanh Xuân,20.8738937,105.6916517,-15921.447815,-11464.897465,1,1.72,60,60,1800,27602.100,27592.400,True,100.164,reality.1000.1,635,true,false
140,WinMart+ [W],W,Siêu thị,Hoàng Mai,20.9626526,105.7755360,-7212.127236,-1595.358091,1,0.45,60,60,3600,10277.400,10624.600,True,9.086,reality.1000.1,723,true,false
141,Bến đò Tri Phương,,amenity:ferry_terminal,,21.0713892,106.0052973,16661.650648,10507.405744,1,1.34,60,60,2700,27072.347,27072.347,true,,openstreetmap_20_30_ring,node:8340839249,true,true
142,Cà Phê KOK [NE],NE,Cửa hàng đồ uống,Thanh Xuân,21.0859680,105.9426070,10134.085327,12116.688767,1,0.82,60,60,3600,21583.200,22951.800,True,17.666,reality.1000.1,171,true,false
143,WinMart+ [E],E,Siêu thị,Thanh Xuân,20.9948518,105.9724608,13233.667903,1985.029591,1,1.25,60,60,1800,17815.000,22139.300,True,2.827,reality.1000.1,280,true,false
144,Trường Trung học cơ sở Văn Đức [N],N,Trường học,Hoàng Mai,21.0450725,105.9097381,6721.458802,7569.316644,1,0.23,60,60,2700,11680.600,12649.900,True,21.902,reality.1000.1,116,true,false
145,Siêu Thị T-Mart [W],W,Siêu thị,Thanh Xuân,20.9652567,105.7316170,-11772.034758,-1305.795382,1,1.69,60,60,1800,19054.700,18562.500,True,6.328,reality.1000.1,664,true,false
146,9.0cafe [S],S,Cửa hàng đồ uống,Thanh Xuân,20.9006147,105.8159563,-3015.473624,-8493.657830,1,1.59,60,60,1800,10959.400,11091.800,True,29.251,reality.1000.1,525,true,false
147,Cà Phê KOK [W],W,Cửa hàng đồ uống,Thanh Xuân,20.9778599,105.7110438,-13908.055374,95.616517,1,0.54,60,60,2700,21418.300,20926.200,True,50.32,reality.1000.1,706,true,false
148,9.0cafe [E],E,Cửa hàng đồ uống,Thanh Xuân,21.0087228,105.9317379,9005.596726,3527.414419,1,1.63,60,60,2700,15517.600,17876.200,True,24.624,reality.1000.1,354,true,false
149,Trường Mầm non A Tứ Hiệp [NE],NE,Trường học,Hoàng Mai,21.0510547,105.9761550,13617.219677,8234.506934,1,0.61,60,60,3600,20429.600,22329.400,True,5.083,reality.1000.1,170,true,false
150,WinMart+ [N],N,Siêu thị,Thanh Xuân,21.0961035,105.8534394,876.224038,13243.704946,1,1.16,60,60,2700,19440.900,20200.700,True,59.081,reality.1000.1,20,true,false
151,Trung tâm Hỗ trợ doanh nghiệp Hà Nội [S],S,Uỷ ban nhân dân,Thanh Xuân,20.8995435,105.8016273,-4503.187708,-8612.769836,1,1.38,60,60,2700,16894.500,16777.600,True,10.643,reality.1000.1,534,true,false
152,WinMart+ [S],S,Siêu thị,Hoàng Mai,20.8384982,105.8632964,1899.630957,-15400.697491,1,0.37,60,60,3600,19076.400,17464.400,True,29.919,reality.1000.1,456,true,false
153,Cà Phê Big One,C,Cửa hàng đồ uống,Thanh Xuân,21.0098613,105.8476486,274.991941,3654.009843,1,0.36,60,60,3600,4695.200,4845.300,True,2.06,reality.1000.1,947,true,false
154,Chevrolet Bắc Ninh,,shop:car,Thành phố Bắc Ninh,21.1699872,106.0590835,22252.305476,21483.335104,1,0.80,60,60,1800,42509.755,42509.755,true,,openstreetmap_20_30_ring,node:4353591823,true,true
155,WinMart+ [W],W,Siêu thị,Hoàng Mai,20.9728877,105.7818167,-6560.031078,-457.266897,1,1.60,60,60,1800,9553.100,9205.500,True,25.877,reality.1000.1,738,true,false
156,Không có tên,C,Trường học,Hoàng Mai,20.9579729,105.8318694,-1363.289731,-2115.716989,1,0.82,60,60,1800,3405.800,4044.200,True,35.872,reality.1000.1,920,true,false
157,KFC [NW],NW,Cửa hàng ăn uống,Hoàng Mai,21.0698837,105.7222912,-12740.289626,10328.196208,1,1.91,60,60,3600,20817.600,20341.100,True,85.954,reality.1000.1,803,true,false
158,Siêu thị Đức Thành [W],W,Siêu thị,Hoàng Mai,20.9772953,105.7478267,-10089.056253,32.835862,1,0.73,60,60,3600,16197.300,15867.100,True,30.151,reality.1000.1,662,true,false
159,WinMart+ [S],S,Siêu thị,Hoàng Mai,20.8714724,105.8872708,4388.782506,-11734.133741,1,1.46,60,60,2700,14263.700,14208.200,True,67.074,reality.1000.1,472,true,false
160,Chùa Linh Quang,,amenity:place_of_worship,,21.1556392,105.7131534,-13704.422896,19886.115744,1,1.25,60,60,2700,33192.148,33192.148,true,,openstreetmap_20_30_ring,node:4750059323,true,true
161,Cửa Hàng Ghế Tuấn Anh,,shop:furniture,,21.1486008,105.9069529,6439.519421,19102.601056,1,1.79,60,60,1800,27705.464,27705.464,true,,openstreetmap_20_30_ring,node:4256122089,true,true
162,Trường Tiểu học Chu Văn An [N],N,Trường học,Hoàng Mai,21.0551766,105.8527347,803.058282,8692.841302,1,0.64,60,60,1800,13535.500,11874.300,True,66.775,reality.1000.1,39,true,false
163,Co.opmart [E],E,Siêu thị,Thanh Xuân,20.9764960,105.9172207,7498.342702,-56.042243,1,0.89,60,60,2700,14082.300,15686.200,True,2.602,reality.1000.1,352,true,false
164,WinMart+ [W],W,Siêu thị,Hoàng Mai,20.9709606,105.7880094,-5917.071555,-671.550640,1,0.85,60,60,2700,9206.300,9165.100,True,2.432,reality.1000.1,754,true,false
165,WinMart+ [NW],NW,Siêu thị,Thanh Xuân,21.0804372,105.7318911,-11743.576217,11501.691866,1,1.93,60,60,3600,20684.700,20514.700,True,39.647,reality.1000.1,782,true,false
166,Hội đồng nhân dân - Ủy ban nhân dân phường Thanh Liệt [NE],NE,Uỷ ban nhân dân,Thanh Xuân,21.0821695,105.9328685,9122.981718,11694.314838,1,0.48,60,60,2700,20335.300,21545.000,True,53.504,reality.1000.1,197,true,false
167,Cục Sở hữu Trí tuệ [NW],NW,Uỷ ban nhân dân,Thanh Xuân,21.0959420,105.7009307,-14958.051975,13225.746965,1,1.39,60,60,3600,24425.000,23941.200,True,10.087,reality.1000.1,863,true,false
168,Không có tên,,amenity:pub,,21.1624134,105.7951503,-5181.486440,20640.219688,1,0.94,60,60,1800,29247.320,29247.320,true,,openstreetmap_20_30_ring,node:4739588724,true,true
169,Trường Mầm non Thịnh Liệt (cơ sở Giáp Nhị) [NW],NW,Trường học,Hoàng Mai,21.0770667,105.7448574,-10397.344998,11126.909366,1,0.81,60,60,2700,20070.300,19603.500,True,27.918,reality.1000.1,779,true,false
170,Trường Mầm non Sao Mai [NW],NW,Trường học,Hoàng Mai,21.0867719,105.7221759,-12752.260694,12206.078368,1,1.11,60,60,1800,23470.400,22986.600,True,18.611,reality.1000.1,802,true,false
171,WinMart+ [N],N,Siêu thị,Thanh Xuân,21.0761188,105.8525007,778.763140,11021.507695,1,1.87,60,60,1800,19516.000,20215.900,True,4.803,reality.1000.1,1,true,false
172,WinMart+,C,Siêu thị,Hoàng Mai,20.9596913,105.8444889,-53.065159,-1924.639627,1,1.35,60,60,1800,2423.300,2695.800,True,16.566,reality.1000.1,905,true,false
173,Đảng uỷ - HĐND - UBND phường Thanh Xuân [NW],NW,Uỷ ban nhân dân,Thanh Xuân,21.0967880,105.6951639,-15556.792263,13319.817873,1,1.23,60,60,2700,25281.500,24797.700,True,0.111,reality.1000.1,875,true,false
174,WinMart+,C,Siêu thị,Thanh Xuân,21.0000588,105.7996366,-4709.872922,2564.021575,1,1.59,60,60,2700,8784.600,8243.100,True,18.423,reality.1000.1,996,true,false
175,Delícia Coffee & Lounge [NW],NW,Cửa hàng đồ uống,Thanh Xuân,21.0772343,105.7074065,-14285.699483,11145.545636,1,1.09,60,60,3600,21926.800,21443.000,True,24.632,reality.1000.1,835,true,false
176,Cà Phê Parkland [NW],NW,Cửa hàng đồ uống,Thanh Xuân,21.0887849,105.7277073,-12177.960905,12429.913755,1,0.56,60,60,3600,22594.700,22424.700,True,38.58,reality.1000.1,794,true,false
177,Trường Mầm non Văn Đức (điểm Chử Xá) [SW],SW,Trường học,Hoàng Mai,20.8256372,105.7984638,-4831.639345,-16830.775443,1,0.83,60,60,3600,24306.500,24371.000,True,27.745,reality.1000.1,654,true,true
178,Đối diện Trường Trung học cơ sở Sài Sơn,,public_transport:platform,,21.0287855,105.6450427,-20783.997467,5764.761860,1,0.65,60,60,3600,29643.134,29643.134,true,,openstreetmap_20_30_ring,node:8808907366,true,true
179,Agribank Văn Môn - Yên Phong,,amenity:bank,Huyện Yên Phong,21.1664102,105.9294081,8773.561838,21085.143464,1,1.26,60,60,3600,31387.200,31387.200,true,,openstreetmap_20_30_ring,node:7844049437,true,true
180,Không có tên [NE],NE,Trường học,Hoàng Mai,21.0654581,105.9548880,11409.165002,9836.091941,1,1.15,60,60,2700,19845.100,19168.200,True,31.795,reality.1000.1,148,true,false
181,Không có tên,,amenity:fuel,,20.8324019,105.8769982,3325.962632,-16096.660492,1,1.51,60,60,3600,22589.943,22589.943,true,,openstreetmap_20_30_ring,node:4437505396,true,true
182,Cafe Dinh [SW],SW,Cửa hàng đồ uống,Hoàng Mai,20.8259156,105.7498144,-9882.682515,-16799.818775,1,0.87,60,60,1800,28405.500,29710.300,True,71.681,reality.1000.1,615,true,true
183,Phường Ô Chợ Dừa,C,Chợ dân sinh,Thanh Xuân,21.0211688,105.8236917,-2212.342664,4911.346476,1,0.28,60,60,2700,6877.200,6414.100,True,6.499,reality.1000.1,982,true,false
184,Thế lan,,shop:convenience,,20.8250728,105.7138933,-13627.516078,-16912.535904,1,0.69,60,60,2700,29850.647,29850.647,true,,openstreetmap_20_30_ring,node:5101098723,true,true
185,Không có tên,,amenity:bench,,21.1233786,105.7043993,-14614.343125,16294.865752,1,0.74,60,60,1800,30082.563,30082.563,true,,openstreetmap_20_30_ring,node:4744411821,true,true
186,WinMart+ [SW],SW,Siêu thị,Thanh Xuân,20.8609000,105.7210939,-12864.599772,-12909.730983,1,1.19,60,60,1800,25928.200,27275.200,True,50.817,reality.1000.1,560,true,false
187,WinMart+,C,Siêu thị,Thanh Xuân,20.9934563,105.8316340,-1387.730229,1829.857071,1,0.28,60,60,3600,3674.200,3110.900,True,3.229,reality.1000.1,926,true,false
188,Highlands Coffee [E],E,Cửa hàng đồ uống,Hoàng Mai,20.9591197,105.9599854,11938.404571,-1988.198647,1,1.77,60,60,2700,19441.400,21249.400,True,3.534,reality.1000.1,259,true,false
189,Trường Mầm Non Hoạ Mi [SW],SW,Trường học,Hoàng Mai,20.8387775,105.7306045,-11877.157970,-15369.640748,1,1.38,60,60,2700,26373.000,27656.800,True,42.783,reality.1000.1,582,true,false
190,Phường Ô Chợ Dừa [N],N,Chợ dân sinh,Thanh Xuân,21.1232191,105.8349307,-1045.449050,16258.822099,1,1.80,60,60,2700,21473.500,22453.900,True,41.969,reality.1000.1,102,true,true
191,WinMart+ [SW],SW,Siêu thị,Thanh Xuân,20.8599026,105.7367191,-11242.307210,-13020.636803,1,0.98,60,60,1800,23869.900,25153.700,True,8.141,reality.1000.1,537,true,false
192,Đảng uỷ - HĐND - UBND phường Thanh Xuân [SW],SW,Uỷ ban nhân dân,Thanh Xuân,20.8805718,105.6951639,-15556.792263,-10722.326625,1,0.50,60,60,1800,25031.500,25021.700,True,11.049,reality.1000.1,633,true,false
193,Cục Dự trữ Nhà nước khu vực Hà Nội [NW],NW,Uỷ ban nhân dân,Thanh Xuân,21.0918287,105.7353729,-11382.076957,12768.368873,1,0.47,60,60,2700,22502.400,22332.300,True,4.657,reality.1000.1,791,true,false
194,WinMart+ [NE],NE,Siêu thị,Thanh Xuân,21.0771162,105.9526571,11177.540929,11132.413515,1,1.08,60,60,3600,19762.000,20642.400,True,13.426,reality.1000.1,142,true,false
195,The Coffee House [NW],NW,Cửa hàng đồ uống,Thanh Xuân,21.0796323,105.6831894,-16800.049455,11412.191070,1,1.40,60,60,2700,23545.900,23049.600,True,29.238,reality.1000.1,886,true,true
196,Cục Dự trữ Nhà nước khu vực Hà Nội,C,Uỷ ban nhân dân,Thanh Xuân,20.9897784,105.8399155,-527.900221,1420.893251,1,0.67,60,60,2700,3014.100,2334.300,True,19.873,reality.1000.1,914,true,false
197,WinMart+ [E],E,Siêu thị,Thanh Xuân,20.9941203,105.9411370,9981.461996,1903.690503,1,1.88,60,60,2700,14471.200,16068.300,True,1.325,reality.1000.1,321,true,false
198,Thế  mĩ,,shop:convenience,,20.8141094,105.6452183,-20765.745220,-18132.981592,1,1.59,60,60,1800,37889.061,37889.061,true,,openstreetmap_20_30_ring,node:5103138223,true,true
199,Cà Phê Big One [NE],NE,Cửa hàng đồ uống,Thanh Xuân,21.1119116,105.9746692,13462.955905,15001.485465,1,0.95,60,60,1800,24189.200,26142.400,True,44.945,reality.1000.1,184,true,false
200,WinMart+ [SW],SW,Siêu thị,Thanh Xuân,20.8860122,105.7095738,-14060.678704,-10117.381747,1,1.63,60,60,3600,24933.400,24923.600,True,13.841,reality.1000.1,613,true,false
201,WinMart+ [S],S,Siêu thị,Thanh Xuân,20.8649434,105.8270746,-1861.111735,-12460.125417,1,0.90,60,60,2700,19575.600,17929.600,True,60.078,reality.1000.1,460,true,false
202,UBND phường Khương Thượng [E],E,Uỷ ban nhân dân,Thanh Xuân,20.9961949,105.9526476,11176.554587,2134.375497,1,0.80,60,60,1800,17702.500,19630.400,True,5.022,reality.1000.1,302,true,false
203,Bến Phà,,amenity:ferry_terminal,,20.7845850,105.9252653,8342.950179,-21419.637800,1,1.51,60,60,3600,31592.554,31592.554,true,,openstreetmap_20_30_ring,node:311473859,true,true
204,Bún Chả Bà Vạn,,amenity:restaurant,Thành phố Bắc Ninh,21.1825974,106.0655699,22926.516025,22887.102568,1,1.01,60,60,1800,44522.623,44522.623,true,,openstreetmap_20_30_ring,node:5626543435,true,true
205,The Coffee House [SW],SW,Cửa hàng đồ uống,Thanh Xuân,20.8634161,105.6831894,-16800.049455,-12629.953429,1,0.37,60,60,3600,28129.200,28119.400,True,66.849,reality.1000.1,645,true,true
206,Starbucks [SW],SW,Cửa hàng đồ uống,Thanh Xuân,20.8730275,105.6815161,-16973.780489,-11561.214511,1,1.24,60,60,3600,27180.400,27170.600,True,59.438,reality.1000.1,648,true,true
207,육거리 식당,,amenity:restaurant,,21.1772783,106.0706013,23449.490705,22294.980356,1,1.37,60,60,1800,44469.564,44469.564,true,,openstreetmap_20_30_ring,node:5548427990,true,true
208,Vịnh xén hè cho xe buýt (số 2 chiều đi Bắc Thăng Long),,public_transport:platform,,21.1249211,105.8043034,-4230.093281,16466.576852,1,1.42,60,60,1800,23365.837,23365.837,true,,openstreetmap_20_30_ring,node:8807115923,true,true
209,WinMart+ [SE],SE,Siêu thị,Thanh Xuân,20.8977172,105.9122511,6982.372020,-8815.845130,1,0.37,60,60,3600,24043.800,25647.800,True,41.873,reality.1000.1,413,true,false
210,Quan an Nam Nhu 1 [NE],NE,Cửa hàng ăn uống,Hoàng Mai,21.0766783,106.0091177,17039.585024,11083.721257,1,1.27,60,60,3600,24963.400,26863.200,True,0.312,reality.1000.1,190,true,true
211,WinMart+ [S],S,Siêu thị,Thanh Xuân,20.8860122,105.8253554,-2039.608354,-10117.381747,1,1.06,60,60,1800,11705.200,11837.600,True,105.42,reality.1000.1,492,true,false
212,WinMart+ [N],N,Siêu thị,Thanh Xuân,21.1113303,105.8043318,-4222.391928,14936.847855,1,1.03,60,60,2700,23352.500,22705.200,True,60.827,reality.1000.1,115,true,false
213,Trường Tiểu học Chu Văn An [N],N,Trường học,Hoàng Mai,21.0611803,105.8340177,-1140.241635,9360.422283,1,1.85,60,60,1800,12570.400,11166.100,True,33.685,reality.1000.1,47,true,false
214,WinMart+ [E],E,Siêu thị,Thanh Xuân,20.9907069,105.9211667,7908.037711,1524.137740,1,0.78,60,60,2700,12671.500,13797.100,True,8.312,reality.1000.1,351,true,false
215,Không có tên,,tourism:guest_house,,21.0034851,105.6289373,-22458.027836,2948.321332,1,0.43,60,60,2700,31130.293,31130.293,true,,openstreetmap_20_30_ring,node:4153554389,true,true
216,WinMart+ [E],E,Siêu thị,Hoàng Mai,20.9501016,105.9751068,13508.389898,-2990.965615,1,1.45,60,60,3600,20168.900,22341.500,True,9.042,reality.1000.1,271,true,false
217,Không có tên [S],S,Cửa hàng đồ uống,Thanh Xuân,20.8913430,105.8569956,1245.447908,-9524.623832,1,0.20,60,60,1800,10183.400,10282.700,True,6.454,reality.1000.1,466,true,false
218,Lốp Ô Tô Phi Điệp,,shop:tyres,,21.1647602,105.7798843,-6768.267744,20901.465464,1,0.32,60,60,2700,30194.717,30194.717,true,,openstreetmap_20_30_ring,node:6520661993,true,true
219,Starbucks [E],E,Cửa hàng đồ uống,Thanh Xuân,20.9993226,105.9326794,9103.348336,2482.159870,1,0.87,60,60,2700,14036.100,14608.400,True,15.468,reality.1000.1,344,true,false
220,Hoàng Lăng,,shop:electronics,,20.8527769,106.0723973,23636.170858,-13828.515492,1,1.63,60,60,3600,37635.841,37635.841,true,,openstreetmap_20_30_ring,node:4995926124,true,true
221,WinMart+ [E],E,Siêu thị,Thanh Xuân,20.9820018,105.9232149,8120.692885,556.174784,1,0.63,60,60,3600,13960.800,15531.400,True,36.691,reality.1000.1,345,true,false
222,Siêu Thị T-Mart [NE],NE,Siêu thị,Thanh Xuân,21.0733648,105.9631802,12270.105943,10715.276867,1,1.87,60,60,1800,20579.300,22479.100,True,114.749,reality.1000.1,128,true,false
223,Không có tên,,shop:electronics,,21.1007066,106.0019873,16317.602036,13771.018712,1,0.56,60,60,3600,29345.277,29345.277,true,,openstreetmap_20_30_ring,node:4721435393,true,true
224,Khu công nghệ liên hiệp Phúc Thọ,,public_transport:platform,,21.0440548,105.6433907,-20955.709946,7464.540336,1,1.35,60,60,2700,30573.324,30573.324,true,,openstreetmap_20_30_ring,node:8808913236,true,true
225,Trường Mầm non Hoàng Liệt (cơ sở Tứ Kỳ) [W],W,Trường học,Hoàng Mai,20.9539998,105.7345616,-11466.310500,-2557.505552,1,0.83,60,60,1800,17218.200,16726.000,True,41.807,reality.1000.1,677,true,false
226,Trạm Y tế xã Nghĩa Hương,,amenity:hospital,,20.9727604,105.6144225,-23966.727776,-471.952272,1,0.66,60,60,1800,32945.334,32945.334,true,,openstreetmap_20_30_ring,node:6185334967,true,true
227,Trường Trung học cơ sở Yên Mỹ [NE],NE,Trường học,Hoàng Mai,21.0497070,105.9983786,15924.593725,8084.649532,1,1.95,60,60,2700,22627.500,24945.000,True,59.911,reality.1000.1,202,true,false
228,Pho Co BaVi,,amenity:restaurant,,21.0811234,105.6797269,-17178.846142,11591.016888,1,0.43,60,60,2700,28481.613,28481.613,true,,openstreetmap_20_30_ring,node:4115830291,true,true
229,Tịnh Cafe [SW],SW,Cửa hàng đồ uống,Thanh Xuân,20.8893215,105.7061760,-14413.456631,-9749.404376,1,0.84,60,60,3600,24293.000,24283.200,True,8.513,reality.1000.1,624,true,false
230,Duy Anh,,shop:tyres,,20.7983415,106.0407151,20343.053955,-19888.264220,1,1.59,60,60,3600,39100.112,39100.112,true,,openstreetmap_20_30_ring,node:6520610590,true,true
231,WinMart+ [N],N,Siêu thị,Thanh Xuân,21.0924686,105.8288433,-1677.475759,12839.522507,1,1.73,60,60,2700,24593.100,24231.800,True,161.996,reality.1000.1,53,true,false
232,WinMart+ [W],W,Siêu thị,Hoàng Mai,20.9536335,105.7399463,-10907.241895,-2598.236253,1,1.32,60,60,3600,15027.200,17172.200,True,11.111,reality.1000.1,676,true,false
233,Trung tâm Công nghệ Phần mềm Thủy lợi [N],N,Uỷ ban nhân dân,Thanh Xuân,21.1109352,105.8364589,-886.783081,14892.914739,1,1.84,60,60,2700,22109.300,21748.000,True,4.499,reality.1000.1,77,true,false
234,Trường Mầm Non Hoạ Mi,C,Trường học,Hoàng Mai,20.9529434,105.8351471,-1022.981234,-2674.971872,1,1.81,60,60,3600,3710.500,4481.900,True,6.961,reality.1000.1,928,true,false
235,Vịnh xén hè cho xe buýt (số 1 chiều về Hà Nội),,public_transport:platform,,21.1243396,105.7991558,-4765.146042,16401.844272,1,1.53,60,60,1800,23474.123,23474.123,true,,openstreetmap_20_30_ring,node:8807115905,true,true
236,Bicycle ferry,,amenity:ferry_terminal,,20.8899021,105.6405401,-21252.007522,-9695.738228,1,1.48,60,60,1800,32104.072,32104.072,true,,openstreetmap_20_30_ring,node:3294728243,true,true
237,Everything Coffee 'N Bagel [NE],NE,Cửa hàng đồ uống,Thanh Xuân,21.1062016,105.9216212,7955.226353,14366.562434,1,0.33,60,60,1800,20815.900,22025.600,True,8.178,reality.1000.1,233,true,false
238,WinMart+ [N],N,Siêu thị,Thanh Xuân,21.0843585,105.8445095,-50.926356,11937.720532,1,1.25,60,60,3600,20780.500,21480.400,True,51.363,reality.1000.1,12,true,false
239,Trường Mầm non Văn Đức (điểm Chử Xá) [N],N,Trường học,Hoàng Mai,21.0418534,105.9142454,7189.431005,7211.369056,1,1.05,60,60,2700,12507.300,13358.600,True,92.72,reality.1000.1,118,true,false
240,Trường Đại học Công nghệ và Quản lý Hữu Nghị,C,Trường học,Hoàng Mai,20.9828041,105.8653503,2112.877935,645.386474,1,0.64,60,60,2700,3625.400,4274.800,True,35.69,reality.1000.1,923,true,false
241,Thuế cơ sở 4 thành phố Hà Nội [SE],SE,Uỷ ban nhân dân,Thanh Xuân,20.9001070,105.9485226,10748.274833,-8550.111494,1,0.97,60,60,1800,24929.700,26533.600,True,32.561,reality.1000.1,391,true,false
242,Bắc Ninh,,public_transport:station,Thành phố Bắc Ninh,21.1784838,106.0562047,21953.076731,22429.176616,1,1.68,60,60,1800,43134.059,43134.059,true,,openstreetmap_20_30_ring,node:4736612109,true,true
243,Không có tên,,amenity:fuel,,20.8455622,106.0606989,22420.213672,-14631.655896,1,1.19,60,60,1800,36794.698,36794.698,true,,openstreetmap_20_30_ring,node:6358085311,true,true
244,nhà riêng mr Thành,,tourism:apartment,,20.9477213,105.6854654,-16582.373948,-3259.304884,1,0.57,60,60,1800,23226.230,23226.230,true,,openstreetmap_20_30_ring,node:6602504745,true,true
245,WinMart+ [SW],SW,Siêu thị,Hoàng Mai,20.8714724,105.7714892,-7632.287845,-11734.133741,1,1.15,60,60,2700,19694.100,19622.900,True,80.093,reality.1000.1,595,true,false
246,Phường Ô Chợ Dừa [SE],SE,Chợ dân sinh,Thanh Xuân,20.9070029,105.9507123,10975.621301,-7783.322400,1,0.48,60,60,3600,23544.600,25148.500,True,64.833,reality.1000.1,399,true,false
247,WinMart+ [E],E,Siêu thị,Hoàng Mai,20.9709606,106.0195726,18125.069146,-671.550640,1,0.63,60,60,2700,24509.400,26696.400,True,56.351,reality.1000.1,341,true,true
248,Cửa Hàng Điện Tử Yên Vĩnh - Đại Lý VTC Digital,,shop:yes,Thành phố Bắc Ninh,21.1813548,106.0631142,22671.265216,22748.776336,1,1.42,60,60,1800,44140.185,44140.185,true,,openstreetmap_20_30_ring,node:6545240634,true,true
249,Đạt Thê,,shop:electronics,,20.8374959,106.0610127,22452.830727,-15529.596412,1,1.52,60,60,1800,37520.270,37520.270,true,,openstreetmap_20_30_ring,node:4780444726,true,true
250,Duy Còi - Garden Cafe & Billard,,amenity:cafe,"Uy Nỗ, Đông Anh",21.1349943,105.8607542,1637.525876,17587.925476,1,1.47,60,60,3600,24276.711,24276.711,true,,openstreetmap_20_30_ring,node:7629533186,true,true
251,TK mark [N],N,Chợ dân sinh,Thanh Xuân,21.0911770,105.8193025,-2668.053087,12695.903139,1,1.85,60,60,3600,24491.200,16573.900,True,54.265,reality.1000.1,75,true,false
252,siêu thị 24h ninja mark [E],E,Siêu thị,Thanh Xuân,20.9768912,105.9369476,9546.495886,-12.098008,1,0.46,60,60,1800,14884.000,16477.500,True,83.884,reality.1000.1,308,true,false
253,Trường Tiểu học Chu Văn An [E],E,Trường học,Hoàng Mai,20.9470685,105.9685163,12824.128633,-3328.230947,1,1.36,60,60,1800,19601.100,21759.600,True,5.382,reality.1000.1,281,true,false
254,Thiện chiến,,shop:convenience,,20.7958938,105.6714447,-18039.716057,-20160.742184,1,1.29,60,60,3600,37181.163,37181.163,true,,openstreetmap_20_30_ring,node:5101080625,true,true
255,WinMart+ [NW],NW,Siêu thị,Thanh Xuân,21.0843585,105.7287279,-12071.996706,11937.720532,1,0.42,60,60,2700,21221.400,21070.900,True,62.893,reality.1000.1,789,true,false
256,Siêu thị B11 Kim Liên,C,Siêu thị,Thanh Xuân,21.0075497,105.8351300,-1024.756648,3396.971651,1,0.63,60,60,2700,5603.600,4663.200,True,7.839,reality.1000.1,964,true,false
257,Petrolimex,,amenity:fuel,,20.8898706,106.0461747,20910.536675,-9699.244808,1,1.39,60,60,1800,31679.730,31679.730,true,,openstreetmap_20_30_ring,node:4772256609,true,true
258,siêu thị 24h ninja mark [W],W,Siêu thị,Thanh Xuân,20.9768912,105.7053844,-14495.644814,-12.098008,1,1.56,60,60,3600,21455.600,20963.400,True,49.311,reality.1000.1,721,true,false
259,Trường Mầm Non Đại Từ [E],E,Trường học,Hoàng Mai,20.9644642,105.9583045,11763.884464,-1393.917361,1,1.13,60,60,1800,19527.300,21836.600,True,200.336,reality.1000.1,255,true,false
260,Không có tên [S],S,Cửa hàng đồ uống,Thanh Xuân,20.8883087,105.8316321,-1387.927497,-9862.022598,1,0.51,60,60,1800,11872.900,12005.300,True,77.085,reality.1000.1,483,true,false
261,Tạp hóa,,shop:electronics,,20.7990161,106.0728925,23687.643025,-19813.167748,1,1.62,60,60,3600,42442.323,42442.323,true,,openstreetmap_20_30_ring,node:4761132822,true,true
262,Chợ Trung Kính [SE],SE,Chợ dân sinh,Thanh Xuân,20.8990600,105.9263175,8442.821555,-8666.532583,1,0.76,60,60,1800,23589.800,25193.700,True,96.046,reality.1000.1,410,true,false
263,Chợ Nhân Chính,C,Chợ dân sinh,Thanh Xuân,20.9983875,105.8093027,-3706.286272,2378.181494,1,1.66,60,60,2700,7076.400,6910.500,True,12.5,reality.1000.1,983,true,false
264,WinMart+ [NE],NE,Siêu thị,Thanh Xuân,21.0804372,105.9634543,12298.564483,11501.691866,1,1.32,60,60,1800,21773.800,23591.600,True,0.839,reality.1000.1,124,true,false
265,Không có tên,,amenity:shelter,,20.7623299,105.9042284,6156.328954,-23897.075532,1,1.08,60,60,3600,33915.572,33915.572,true,,openstreetmap_20_30_ring,node:4516490290,true,true
266,Cà Phê Parkland [SW],SW,Cửa hàng đồ uống,Thanh Xuân,20.8725687,105.7277073,-12177.960905,-11612.230743,1,0.72,60,60,3600,26257.400,26238.300,True,19.185,reality.1000.1,553,true,false
267,Kho bạc Nhà nước Đống Đa [SW],SW,Uỷ ban nhân dân,Thanh Xuân,20.9000788,105.7218210,-12789.108327,-8553.247191,1,0.75,60,60,2700,22711.100,22692.000,True,35.579,reality.1000.1,623,true,false
268,Cà Phê KOK [SW],SW,Cửa hàng đồ uống,Thanh Xuân,20.8697518,105.7110438,-13908.055374,-11925.455732,1,1.28,60,60,3600,26816.200,26806.400,True,78.678,reality.1000.1,588,true,false
269,Xuân Trường,,shop:tyres,,20.8275840,105.8796549,3602.105819,-16632.989120,1,0.47,60,60,1800,23389.658,23389.658,true,,openstreetmap_20_30_ring,node:6520665189,true,true
270,대나무 공예마을,,tourism:attraction,,20.9335652,105.6503526,-20232.074891,-4835.161936,1,0.60,60,60,3600,28589.219,28589.219,true,,openstreetmap_20_30_ring,node:5370525523,true,true
271,Chợ Tía,,public_transport:station,,20.8015235,105.8844708,4102.680958,-19534.043980,1,0.43,60,60,1800,27432.575,27432.575,true,,openstreetmap_20_30_ring,node:7790775356,true,true
272,Siêu thị Đức Thành [N],N,Siêu thị,Hoàng Mai,21.0854034,105.8636083,1932.014097,12053.908111,1,0.27,60,60,3600,19896.200,19106.400,True,39.082,reality.1000.1,7,true,false
273,Trường Mầm non Thịnh Liệt (cơ sở Giáp Nhị) [SW],SW,Trường học,Hoàng Mai,20.8608505,105.7448574,-10397.344998,-12915.235132,1,1.26,60,60,3600,22979.700,24263.500,True,2.9,reality.1000.1,538,true,false
274,Trường Tiểu học Tam Hiệp [N],N,Trường học,Hoàng Mai,21.0521912,105.8420852,-302.630261,8360.879968,1,0.64,60,60,3600,11475.800,9814.600,True,31.2,reality.1000.1,56,true,false
275,Trạm bus,,public_transport:platform,,20.9339710,106.0565054,21984.332144,-4789.988280,1,0.71,60,60,2700,30923.282,30923.282,true,,openstreetmap_20_30_ring,node:481836687,true,true
276,Hội đồng nhân dân - Ủy ban nhân dân phường Thanh Liệt [S],S,Uỷ ban nhân dân,Thanh Xuân,20.8659533,105.8170869,-2898.088632,-12347.829661,1,0.38,60,60,3600,20264.500,18618.500,True,32.389,reality.1000.1,490,true,false
277,Vịnh xe buýt đường Hoàng Sa - gần điểm mở đi đường 6 cây,,public_transport:platform,,21.1243162,105.8200342,-2594.999652,16399.239384,1,1.40,60,60,2700,22818.916,22818.916,true,,openstreetmap_20_30_ring,node:8807115908,true,true
278,Siêu thị Đức Thành [NW],NW,Siêu thị,Hoàng Mai,21.0854034,105.7478267,-10089.056253,12053.908111,1,1.12,60,60,2700,22680.200,22510.100,True,48.893,reality.1000.1,784,true,false
279,WinMart+ [N],N,Siêu thị,Hoàng Mai,21.0582097,105.8593252,1487.319548,9030.106634,1,1.26,60,60,1800,13327.800,14113.500,True,259.783,reality.1000.1,30,true,false
280,Mới,,shop:electronics,,20.7785930,105.9966592,15763.787712,-22086.667240,1,0.39,60,60,3600,37293.544,37293.544,true,,openstreetmap_20_30_ring,node:4798334924,true,true
281,Trường Quốc tế Singapore [S],S,Trường học,Hoàng Mai,20.8554805,105.8862330,4281.032511,-13512.351888,1,1.90,60,60,2700,15365.400,15309.900,True,94.889,reality.1000.1,469,true,false
282,Tiến Nhung,,shop:convenience,,20.8307201,105.7533031,-9531.175593,-16283.878468,1,1.62,60,60,2700,25931.693,25931.693,true,,openstreetmap_20_30_ring,node:5634047221,true,true
283,WinMart+ [W],W,Siêu thị,Thanh Xuân,20.9879954,105.7376578,-11144.846312,1222.632696,1,1.50,60,60,2700,17197.300,16968.100,True,14.809,reality.1000.1,675,true,false
284,WinMart+ [NE],NE,Siêu thị,Thanh Xuân,21.0761188,105.9682823,12799.833490,11021.507695,1,1.92,60,60,3600,20777.000,23225.200,True,5.725,reality.1000.1,120,true,false
285,WinMart+ [SW],SW,Siêu thị,Hoàng Mai,20.8714401,105.7533569,-9514.881054,-11737.725337,1,0.68,60,60,3600,20719.000,22002.900,True,38.166,reality.1000.1,552,true,false
286,WinMart+ [E],E,Siêu thị,Thanh Xuân,20.9723291,105.9634543,12298.564483,-519.380383,1,1.66,60,60,1800,21478.200,23787.400,True,7.211,reality.1000.1,245,true,false
287,Công Ty TNHH Tep Star,,office:company,Thành phố Bắc Ninh,21.1654227,106.0603905,22388.157904,20975.214964,1,0.80,60,60,3600,42163.773,42163.773,true,,openstreetmap_20_30_ring,node:5309636322,true,true
288,Trường Mầm non Kim Lan [N],N,Trường học,Hoàng Mai,21.0641075,105.9141960,7184.302030,9685.912073,1,0.35,60,60,1800,14481.100,15170.700,True,0.43,reality.1000.1,114,true,false
289,Phường Ô Chợ Dừa [NE],NE,Chợ dân sinh,Thanh Xuân,21.1232191,105.9507123,10975.621301,16258.822099,1,0.90,60,60,3600,24845.700,27068.000,True,7.109,reality.1000.1,225,true,true
290,Cường Hồng,,shop:electronics,,20.8239021,105.9456207,10458.734809,-17042.858228,1,0.74,60,60,1800,27481.875,27481.875,true,,openstreetmap_20_30_ring,node:4776072621,true,true
291,Trường Cao đẳng Hà Nội,C,Trường học,Hoàng Mai,20.9479848,105.8213037,-2460.277707,-3226.343036,1,1.91,60,60,3600,6838.900,6971.600,True,21.984,reality.1000.1,981,true,false
292,5050 Rooftop Cafe & Pub [E],E,Cửa hàng đồ uống,Thanh Xuân,20.9778493,105.9268354,8496.592727,94.437851,1,0.54,60,60,3600,13675.000,15377.700,True,29.201,reality.1000.1,336,true,false
293,WinMart+ [S],S,Siêu thị,Hoàng Mai,20.8268181,105.8573412,1281.329964,-16699.465354,1,0.73,60,60,1800,22972.700,21360.700,True,10.394,reality.1000.1,488,true,true
294,WinMart+ [W],W,Siêu thị,Hoàng Mai,20.9562867,105.7599399,-8831.398479,-2303.213874,1,1.70,60,60,2700,12890.700,12682.700,True,2.985,reality.1000.1,692,true,false
295,Phạm thịnh,,shop:convenience,,21.0467572,105.6746667,-17704.814356,7765.371504,1,1.09,60,60,2700,26570.409,26570.409,true,,openstreetmap_20_30_ring,node:5182878322,true,true
296,WinMart+ [SE],SE,Siêu thị,Thanh Xuân,20.8858351,105.9316711,8998.661190,-10137.074368,1,1.37,60,60,2700,26248.200,27852.100,True,64.331,reality.1000.1,393,true,false
297,Cà Phê Parkland [W],W,Cửa hàng đồ uống,Thanh Xuân,20.9806768,105.7277073,-12177.960905,408.841506,1,0.66,60,60,1800,18512.500,18046.100,True,3.639,reality.1000.1,672,true,false
298,Trường Mầm non Hoàng Liệt (cơ sở Tứ Kỳ) [NW],NW,Trường học,Hoàng Mai,21.0621079,105.7345616,-11466.310500,9463.566697,1,1.09,60,60,2700,18614.200,18444.200,True,3.94,reality.1000.1,799,true,false
299,Cục Dự trữ Nhà nước khu vực Hà Nội [SW],SW,Uỷ ban nhân dân,Thanh Xuân,20.8756125,105.7353729,-11382.076957,-11273.775625,1,0.56,60,60,2700,25425.400,26462.200,True,3.277,reality.1000.1,550,true,false
300,Đức Thúy,,shop:electronics,,20.8885012,106.0385703,20120.118770,-9851.686416,1,0.49,60,60,3600,30789.223,30789.223,true,,openstreetmap_20_30_ring,node:4748008422,true,true
301,Siêu thị Đức Thành [SW],SW,Siêu thị,Hoàng Mai,20.8691872,105.7478267,-10089.056253,-11988.236387,1,0.27,60,60,1800,21609.900,22893.800,True,67.474,reality.1000.1,543,true,false
302,Trường Trung học cơ sở Văn Đức [NE],NE,Trường học,Hoàng Mai,21.0450725,106.0255197,18742.529152,7569.316644,1,0.56,60,60,2700,25022.300,27317.400,True,0.707,reality.1000.1,237,true,true
303,Chợ Trung Kính [NE],NE,Chợ dân sinh,Thanh Xuân,21.1152762,105.9263175,8442.821555,15375.611916,1,1.06,60,60,3600,22569.600,24069.400,True,11.046,reality.1000.1,235,true,false
304,Không có tên [W],W,Cửa hàng đồ uống,Thanh Xuân,21.0084005,105.7372629,-11185.846960,3491.576294,1,1.47,60,60,1800,16800.600,15174.500,True,2.317,reality.1000.1,735,true,false
305,AEON MaxValu Linh Đàm,C,Siêu thị,Hoàng Mai,20.9640845,105.8230327,-2280.763599,-1436.138075,1,2.00,60,60,2700,4115.600,3900.100,True,14.313,reality.1000.1,935,true,false
306,Trường Mầm Non Đại Từ [SW],SW,Trường học,Hoàng Mai,20.8563561,105.7267413,-12278.256236,-13414.989611,1,0.22,60,60,1800,24902.700,26186.500,True,14.053,reality.1000.1,551,true,false
307,WinMart+,C,Siêu thị,Thanh Xuân,20.9823082,105.8332705,-1217.819970,590.244910,1,0.27,60,60,1800,2655.200,2994.900,True,5.746,reality.1000.1,906,true,false
308,Không có tên [S],S,Cửa hàng đồ uống,Hoàng Mai,20.8737895,105.8746624,3079.710396,-11476.483976,1,0.68,60,60,3600,13503.200,14571.200,True,68.485,reality.1000.1,441,true,false
309,WinMart+,C,Siêu thị,Thanh Xuân,20.9740685,105.8412617,-388.130474,-325.967927,1,1.19,60,60,2700,820.700,863.000,True,9.854,reality.1000.1,896,true,false
310,Vân sinh,,shop:convenience,,21.0400825,105.6806991,-17077.793556,7022.343900,1,1.57,60,60,1800,25377.888,25377.888,true,,openstreetmap_20_30_ring,node:5162599421,true,true
311,Trường Mầm non Tứ Hiệp (điểm Cổ Điển B) [N],N,Trường học,Hoàng Mai,21.0469486,105.8657703,2156.484601,7777.929446,1,0.87,60,60,1800,12790.700,11893.900,True,0.111,reality.1000.1,66,true,false
312,Quán dung,,shop:convenience,,20.7603792,105.7664103,-8168.784664,-24114.227456,1,1.77,60,60,2700,34991.606,34991.606,true,,openstreetmap_20_30_ring,node:5103151024,true,true
313,WinMart+ [S],S,Siêu thị,Thanh Xuân,20.8982722,105.8282764,-1736.334375,-8754.131946,1,0.49,60,60,1800,9858.000,9990.400,True,107.364,reality.1000.1,510,true,false
314,5050 Rooftop Cafe & Pub [SE],SE,Cửa hàng đồ uống,Thanh Xuân,20.8697412,105.9268354,8496.592727,-11926.634398,1,1.40,60,60,2700,18519.000,18463.500,True,175.478,reality.1000.1,390,true,false
315,Không có tên [NE],NE,Cửa hàng đồ uống,Hoàng Mai,21.0900057,105.9904440,15100.780746,12565.660522,1,1.80,60,60,3600,24339.100,25953.500,True,120.693,reality.1000.1,146,true,false
316,WinMart+ [N],N,Siêu thị,Hoàng Mai,21.0547144,105.8632964,1899.630957,8641.447007,1,1.54,60,60,2700,12049.000,12834.700,True,28.473,reality.1000.1,42,true,false
317,WinMart+ [SW],SW,Siêu thị,Thanh Xuân,20.8867437,105.7408976,-10808.472797,-10036.042658,1,1.32,60,60,1800,20852.000,20654.200,True,4.891,reality.1000.1,576,true,false
318,Chợ Thôn Hoành,,amenity:marketplace,,20.8014384,105.6765966,-17504.216345,-19543.517312,1,0.41,60,60,2700,36058.246,36058.246,true,,openstreetmap_20_30_ring,node:7148520378,true,true
319,WinMart+ [SW],SW,Siêu thị,Thanh Xuân,20.8649434,105.7112930,-13882.182085,-12460.125417,1,1.96,60,60,2700,28145.700,28135.900,True,61.928,reality.1000.1,584,true,false
320,Trạm xăng,,amenity:fuel,,20.9412990,106.0310280,19336.155673,-3974.235320,1,0.66,60,60,2700,27130.379,27130.379,true,,openstreetmap_20_30_ring,node:481838115,true,true
321,Trường Mầm non Yên Mỹ [N],N,Trường học,Hoàng Mai,21.0446229,105.8825014,3893.597667,7519.323405,1,1.04,60,60,2700,12141.900,13081.800,True,3.226,reality.1000.1,90,true,false
322,Trường Mầm non Đại Thanh [N],N,Trường học,Hoàng Mai,21.0461730,105.8536449,897.560157,7691.686661,1,1.11,60,60,2700,14000.100,12338.900,True,5.459,reality.1000.1,64,true,false
323,WinMart+ [N],N,Siêu thị,Hoàng Mai,21.0876886,105.8872708,4388.782506,12308.010757,1,0.57,60,60,1800,19386.700,20946.800,True,24.786,reality.1000.1,57,true,false
324,Trạm bus,,public_transport:platform,,20.9387393,106.0429118,20571.383740,-4259.181124,1,1.19,60,60,1800,28872.142,28872.142,true,,openstreetmap_20_30_ring,node:481836745,true,true
325,Trường Mầm Non Đại Từ [NE],NE,Trường học,Hoàng Mai,21.0725723,105.9583045,11763.884464,10627.154888,1,1.98,60,60,3600,18442.100,25162.900,True,225.75,reality.1000.1,134,true,false
326,Taste Tea [SW],SW,Cửa hàng đồ uống,Thanh Xuân,20.8975785,105.7323516,-11695.764623,-8831.267867,1,0.59,60,60,3600,22361.500,22163.600,True,12.754,reality.1000.1,608,true,false
327,"Quán café Linh, Ba Thá (Qua cây xăng Sơn Hải 150m)",,public_transport:platform,,20.8069361,105.7091472,-14120.836054,-18931.513348,1,0.71,60,60,2700,32459.388,32459.388,true,,openstreetmap_20_30_ring,node:7138497036,true,true
328,WinMart+ [W],W,Siêu thị,Thanh Xuân,20.9939432,105.7001079,-15043.479510,1883.997881,1,1.36,60,60,2700,21377.200,20495.900,True,110.18,reality.1000.1,753,true,false
329,Chùa Long Đẩu,,amenity:place_of_worship,,21.0247419,105.6438778,-20905.079711,5314.628308,1,1.37,60,60,3600,29645.065,29645.065,true,,openstreetmap_20_30_ring,node:5317498322,true,true
330,Trường Phổ thông Lương Thế Vinh - Bắc Ninh,,amenity:school,Thành phố Bắc Ninh,21.1873821,106.0506967,21380.563209,23419.735372,1,1.58,60,60,2700,43582.919,43582.919,true,,openstreetmap_20_30_ring,node:6546579568,true,true
331,WinMart+ [NW],NW,Siêu thị,Thanh Xuân,21.0771162,105.7210939,-12864.599772,11132.413515,1,1.25,60,60,3600,21521.400,21351.400,True,111.062,reality.1000.1,801,true,false
332,Cửa Hàng Tiện Lợi BV Mart [E],E,Siêu thị,Thanh Xuân,20.9730303,105.9230904,8107.766623,-441.410500,1,1.31,60,60,1800,14507.300,16114.200,True,6.626,reality.1000.1,342,true,false
333,Không có tên,,leisure:park,,21.1924605,106.0398186,20249.869792,23985.062860,1,0.54,60,60,1800,43141.391,43141.391,true,,openstreetmap_20_30_ring,node:6545865257,true,true
334,WinMart+ [NE],NE,Siêu thị,Hoàng Mai,21.0643948,105.9915031,15210.742222,9717.858375,1,1.44,60,60,2700,22186.500,24086.400,True,31.71,reality.1000.1,157,true,false
335,NMCN HOA PHAT,,office:company,,20.9498185,106.0270745,18925.220268,-3025.844580,1,0.43,60,60,2700,26340.444,26340.444,true,,openstreetmap_20_30_ring,node:5102331321,true,true
336,Trường Mầm non Yên Mỹ [NW],NW,Trường học,Hoàng Mai,21.0446229,105.7667198,-8127.472683,7519.323405,1,1.07,60,60,1800,14275.300,13820.600,True,17.662,reality.1000.1,866,true,false
337,WinMart+ [E],E,Siêu thị,Thanh Xuân,20.9843605,105.9446249,10343.594591,818.450258,1,1.43,60,60,3600,15100.000,18629.100,True,47.069,reality.1000.1,296,true,false
338,9.0cafe [SW],SW,Cửa hàng đồ uống,Thanh Xuân,20.9006147,105.7001747,-15036.543974,-8493.657830,1,1.79,60,60,2700,22479.600,22469.800,True,49.099,reality.1000.1,644,true,false
339,WinMart+ [W],W,Siêu thị,Thanh Xuân,21.0038843,105.7258822,-12367.452633,2989.397766,1,0.57,60,60,3600,18955.400,16626.400,True,0.455,reality.1000.1,728,true,false
340,Starbucks [N],N,Cửa hàng đồ uống,Thanh Xuân,21.1074307,105.8168978,-2917.722015,14503.232119,1,1.57,60,60,3600,22356.900,21709.700,True,79.413,reality.1000.1,99,true,false
341,WinMart+ [SW],SW,Siêu thị,Hoàng Mai,20.8736702,105.7471381,-10160.550420,-11489.749531,1,1.09,60,60,1800,21555.300,22839.100,True,29.015,reality.1000.1,549,true,false
342,WinMart+ [NW],NW,Siêu thị,Hoàng Mai,21.0845497,105.7773799,-7020.683590,11958.981002,1,1.27,60,60,1800,18688.900,18209.600,True,12.874,reality.1000.1,847,true,false
343,Đảng uỷ - HĐND - UBND phường Thanh Xuân [E],E,Uỷ ban nhân dân,Thanh Xuân,20.9886799,105.9267271,8485.348437,1298.745624,1,1.54,60,60,1800,13014.500,14729.700,True,2.06,reality.1000.1,343,true,false
344,Thuế cơ sở 4 thành phố Hà Nội [NE],NE,Uỷ ban nhân dân,Thanh Xuân,21.1163232,105.9485226,10748.274833,15492.033004,1,1.99,60,60,3600,22864.700,24058.600,True,56.526,reality.1000.1,214,true,false
345,Trường Trung học cơ sở Tân Định [N],N,Trường học,Hoàng Mai,21.0902560,105.8563845,1182.000209,12593.492612,1,0.68,60,60,1800,19118.400,19878.100,True,113.763,reality.1000.1,10,true,false
346,Nghĩa Hằng,,shop:electronics,,20.9940887,106.0724224,23638.779807,1902.314084,1,0.27,60,60,1800,32593.258,32593.258,true,,openstreetmap_20_30_ring,node:4745382423,true,true
347,Đình Quan Độ,,amenity:place_of_worship,Huyện Yên Phong,21.1682651,105.9245522,8268.829011,21291.630932,1,0.47,60,60,1800,31391.665,31391.665,true,,openstreetmap_20_30_ring,node:4339647263,true,true
348,Sự tích,,shop:convenience,,20.8194485,105.7140696,-13609.191072,-17538.632980,1,0.59,60,60,3600,30510.013,30510.013,true,,openstreetmap_20_30_ring,node:5101131727,true,true
349,Chùa Lim,,amenity:place_of_worship,,21.1413019,106.0199569,18185.401415,18290.087508,1,0.73,60,60,2700,35447.768,35447.768,true,,openstreetmap_20_30_ring,node:4573262427,true,true
350,ĐH Chu Văn An CS2,,amenity:university,,20.9357261,106.0481806,21119.034292,-4594.610548,1,1.73,60,60,2700,29704.148,29704.148,true,,openstreetmap_20_30_ring,node:481837535,true,true
351,Khách Sạn La Paz,,tourism:hotel,,21.0211689,105.6400258,-21305.464985,4916.881948,1,0.67,60,60,1800,30051.054,30051.054,true,,openstreetmap_20_30_ring,node:5317498199,true,true
352,Trường Mầm non Kim Lan [W],W,Trường học,Hoàng Mai,20.9559994,105.7984144,-4836.768320,-2335.160176,1,0.34,60,60,2700,7469.700,9943.800,True,54.653,reality.1000.1,772,true,false
353,Bệnh viện Đa khoa Kinh Bắc,,amenity:hospital,,21.1633089,106.0749746,23904.061036,20739.906748,1,1.93,60,60,3600,43494.750,43494.750,true,,openstreetmap_20_30_ring,node:5209662235,true,true
354,WinMart+ [S],S,Siêu thị,Hoàng Mai,20.8545445,105.8913176,4808.943114,-13616.430340,1,0.41,60,60,2700,15953.200,15897.700,True,64.808,reality.1000.1,482,true,false
355,Trường Quốc tế Singapore [NE],NE,Trường học,Hoàng Mai,21.0716967,106.0020146,16302.102861,10529.792610,1,0.91,60,60,1800,23655.400,25555.300,True,4.004,reality.1000.1,175,true,true
356,Trường Tiểu học Đại Kim [NW],NW,Trường học,Hoàng Mai,21.0801038,105.7173818,-13250.010020,11464.619478,1,0.39,60,60,2700,22754.700,22270.900,True,2.58,reality.1000.1,810,true,false
357,WinMart+ [E],E,Siêu thị,Thanh Xuân,20.9690081,105.9526571,11177.540929,-888.658734,1,1.54,60,60,1800,19860.500,22169.800,True,7.017,reality.1000.1,264,true,false
358,Siêu Thị T-Mart [S],S,Siêu thị,Thanh Xuân,20.8571486,105.8473986,249.035592,-13326.867631,1,1.36,60,60,3600,17223.000,15602.900,True,24.696,reality.1000.1,422,true,false
359,Trường Mầm non Lĩnh Nam (cơ sở 2) [E],E,Trường học,Hoàng Mai,20.9803687,106.0132018,17463.618320,374.582349,1,0.79,60,60,3600,23461.400,26375.000,True,61.336,reality.1000.1,328,true,true
360,Landmark Hotel,,tourism:hotel,,21.1647310,106.0598253,22329.409784,20898.214920,1,0.97,60,60,2700,42032.504,42032.504,true,,openstreetmap_20_30_ring,node:6545478438,true,true
361,Trường Trung học cơ sở Yên Mỹ [E],E,Trường học,Hoàng Mai,20.9415989,105.9983786,15924.593725,-3936.422718,1,0.59,60,60,3600,25322.000,28122.400,True,10.696,reality.1000.1,324,true,false
362,MM Mega Market Hoàng Mai [NE],NE,Siêu thị,Hoàng Mai,21.0715654,105.9930988,15376.416404,10515.192716,1,1.62,60,60,2700,23784.400,25787.200,True,14.137,reality.1000.1,150,true,false
363,Trường Trung học cơ sở Lĩnh Nam [E],E,Trường học,Hoàng Mai,20.9797183,106.0181102,17973.234888,302.261169,1,1.52,60,60,2700,23649.900,28106.700,True,0.348,reality.1000.1,338,true,true
364,Vin+ Tổ 25 Đ.Anh,,shop:supermarket,,21.1708102,105.8443361,-69.007213,21574.951464,1,0.25,60,60,3600,29651.935,29651.935,true,,openstreetmap_20_30_ring,node:5694054028,true,true
365,WinMart+ [E],E,Siêu thị,Thanh Xuân,20.9762504,105.9602911,11970.143994,-83.351717,1,1.56,60,60,1800,19817.400,22367.500,True,7.91,reality.1000.1,252,true,false
366,Trường Mầm non A Tứ Hiệp [S],S,Trường học,Hoàng Mai,20.8348385,105.8603734,1596.149327,-15807.637564,1,1.63,60,60,3600,20587.700,18975.800,True,110.422,reality.1000.1,464,true,false
367,Trường Trung học cơ sở Văn Đức [W],W,Trường học,Hoàng Mai,20.9369644,105.7939565,-5299.611548,-4451.755605,1,1.50,60,60,2700,11721.700,11395.200,True,0.861,reality.1000.1,774,true,false
368,Everything Coffee 'N Bagel [W],W,Cửa hàng đồ uống,Thanh Xuân,20.9980935,105.6900580,-16086.914347,2345.490185,1,1.37,60,60,1800,23028.800,21983.400,True,112.606,reality.1000.1,769,true,false
369,WinMart+ [NE],NE,Siêu thị,Hoàng Mai,21.0845497,106.0089431,17021.457110,11958.981002,1,0.35,60,60,3600,26387.500,28190.500,True,42.775,reality.1000.1,191,true,true
370,한국왕족발보쌈,,amenity:restaurant,Thành phố Bắc Ninh,21.1726505,106.0590998,22253.999733,21779.813660,1,0.80,60,60,1800,42795.437,42795.437,true,,openstreetmap_20_30_ring,node:5617312023,true,true
371,Cục Sở hữu Trí tuệ,C,Uỷ ban nhân dân,Thanh Xuân,20.9938917,105.8054733,-4103.875239,1878.271342,1,0.28,60,60,2700,7685.700,8079.400,True,46.461,reality.1000.1,989,true,false
372,Trương Mầm non Sao Mai,,amenity:school,,21.1655575,106.0527944,21598.602718,20990.220900,1,0.84,60,60,3600,41392.908,41392.908,true,,openstreetmap_20_30_ring,node:6545637391,true,true
373,WinMart+ [W],W,Siêu thị,Thanh Xuân,20.9826485,105.6966732,-15400.088595,628.084543,1,1.42,60,60,3600,22689.500,22197.400,True,63.731,reality.1000.1,748,true,false
374,Nhà hàng Hà Phong,,amenity:restaurant,Thành phố Bắc Ninh,21.1744616,106.0576960,22108.085702,21981.425312,1,1.03,60,60,3600,42847.261,42847.261,true,,openstreetmap_20_30_ring,node:5285140721,true,true
375,Bãi Tắm Hồ Văn Sơn,,leisure:sports_centre,,20.8459956,105.6186499,-23527.322608,-14583.409808,1,1.08,60,60,2700,38043.031,38043.031,true,,openstreetmap_20_30_ring,node:7187541622,true,true
376,Kho bạc Nhà nước Đống Đa [S],S,Uỷ ban nhân dân,Thanh Xuân,20.9000788,105.8376026,-768.037977,-8553.247191,1,1.43,60,60,3600,12201.500,12552.800,True,116.478,reality.1000.1,503,true,false
377,Noi Quy Nha Nghi,,tourism:hotel,,20.8210983,105.8831974,3970.320988,-17354.977244,1,1.26,60,60,2700,24468.217,24468.217,true,,openstreetmap_20_30_ring,node:4339683693,true,true
378,Cửa Hàng Gỗ Mỹ Nghệ Hà Nội,,shop:furniture,,20.9974738,105.6467054,-20611.172806,2279.143416,1,0.30,60,60,1800,28499.862,28499.862,true,,openstreetmap_20_30_ring,node:4730680636,true,true
379,Chùa Tiêu,,amenity:place_of_worship,Thành phố Từ Sơn,21.1375403,105.9825687,14299.190439,17871.346196,1,0.79,60,60,2700,31456.126,31456.126,true,,openstreetmap_20_30_ring,node:6079920439,true,true
380,Không có tên,,leisure:park,,21.1921982,106.0393893,20205.247414,23955.863624,1,1.89,60,60,2700,43071.171,43071.171,true,,openstreetmap_20_30_ring,node:6545865255,true,true
381,Sơn hòa,,shop:electronics,,20.7892320,106.0468637,20982.152837,-20902.333760,1,0.66,60,60,2700,40704.270,40704.270,true,,openstreetmap_20_30_ring,node:4761140823,true,true
382,Trường Mầm non Hoa Mai [E],E,Trường học,Hoàng Mai,20.9737948,105.9762309,13625.100025,-356.401979,1,0.47,60,60,1800,20692.900,23038.500,True,6.89,reality.1000.1,243,true,false
383,Cafe Dinh [NE],NE,Cửa hàng đồ uống,Hoàng Mai,21.0421318,105.9813776,14159.458185,7242.325723,1,1.26,60,60,2700,21330.000,23621.800,True,180.622,reality.1000.1,201,true,false
384,Delícia Coffee & Lounge [W],W,Cửa hàng đồ uống,Thanh Xuân,20.9691262,105.7074065,-14285.699483,-875.526613,1,1.42,60,60,1800,21590.900,21098.800,True,37.643,reality.1000.1,714,true,false
385,MM Mega Market Hoàng Mai [NW],NW,Siêu thị,Hoàng Mai,21.0715654,105.7615356,-8665.724296,10515.192716,1,0.89,60,60,1800,19890.200,19459.100,True,21.985,reality.1000.1,809,true,false
386,AEON MaxValu Linh Đàm [SW],SW,Siêu thị,Hoàng Mai,20.8499186,105.7184901,-13134.940335,-14130.806951,1,1.56,60,60,3600,26349.800,27633.600,True,15.697,reality.1000.1,578,true,false
387,WinMart+ [SW],SW,Siêu thị,Thanh Xuân,20.8681423,105.7287279,-12071.996706,-12104.423966,1,0.84,60,60,3600,25318.300,26833.300,True,22.296,reality.1000.1,548,true,false
388,WinMart+ [W],W,Siêu thị,Thanh Xuân,20.9730515,105.7112930,-13882.182085,-439.053168,1,1.14,60,60,1800,20697.000,20204.900,True,29.545,reality.1000.1,701,true,false
389,Trường Mầm non Định Công (Cơ sở 3) [NW],NW,Trường học,Hoàng Mai,21.0814464,105.7238503,-12578.415453,11613.909786,1,1.50,60,60,3600,20889.200,20719.200,True,145.248,reality.1000.1,795,true,false
390,Trường Trung học cơ sở Tân Định [NW],NW,Trường học,Hoàng Mai,21.0902560,105.7406029,-10839.070141,12593.492612,1,1.22,60,60,2700,22335.300,22184.700,True,112.831,reality.1000.1,787,true,false
391,WinMart+ [W],W,Siêu thị,Thanh Xuân,20.9873985,105.7270914,-12241.906965,1156.260445,1,0.24,60,60,1800,17851.600,17385.200,True,26.39,reality.1000.1,683,true,false
392,WinMart+ [E],E,Siêu thị,Thanh Xuân,20.9680107,105.9682823,12799.833490,-999.564554,1,0.49,60,60,1800,20949.600,23258.900,True,79.454,reality.1000.1,241,true,false
393,Cà Phê 3k [S],S,Cửa hàng đồ uống,Thanh Xuân,20.8582651,105.8326740,-1279.751818,-13202.718496,1,0.58,60,60,3600,18801.500,17181.300,True,26.845,reality.1000.1,448,true,false
394,Cà Phê KOK [N],N,Cửa hàng đồ uống,Thanh Xuân,21.0859680,105.8268254,-1886.985023,12116.688767,1,1.93,60,60,3600,16203.200,16749.100,True,136.61,reality.1000.1,50,true,false
395,WinMart+ [NE],NE,Siêu thị,Thanh Xuân,21.0961823,105.9418885,10059.486780,13252.467106,1,1.99,60,60,1800,22375.000,23604.400,True,77.613,reality.1000.1,183,true,false
396,Trường mầm non Vườn Hồng [SW],SW,Trường học,Hoàng Mai,20.8687239,105.7394298,-10960.867712,-12039.752997,1,1.97,60,60,3600,22372.500,23656.300,True,22.708,reality.1000.1,540,true,false
397,Hội đồng nhân dân - Ủy ban nhân dân phường Thanh Liệt [N],N,Uỷ ban nhân dân,Thanh Xuân,21.0821695,105.8170869,-2898.088632,11694.314838,1,1.46,60,60,3600,16422.500,15928.900,True,0.895,reality.1000.1,76,true,false
398,Quyện Huyền,,shop:electronics,,20.8610298,106.0661763,22989.546563,-12909.802664,1,0.80,60,60,1800,36236.841,36236.841,true,,openstreetmap_20_30_ring,node:4751983121,true,true
399,Quan an Nam Nhu 1 [NW],NW,Cửa hàng ăn uống,Hoàng Mai,21.0766783,105.7775545,-7002.555676,11083.721257,1,0.92,60,60,1800,19287.800,16895.300,True,6.916,reality.1000.1,846,true,false
400,Kho bạc Nhà nước Đống Đa [E],E,Uỷ ban nhân dân,Thanh Xuân,21.0081869,105.9533842,11253.032373,3467.825058,1,0.50,60,60,2700,16088.400,17772.500,True,51.808,reality.1000.1,332,true,false
401,WinMart+ [SW],SW,Siêu thị,Hoàng Mai,20.8481786,105.7599399,-8831.398479,-14324.286123,1,1.65,60,60,3600,23769.000,25060.900,True,8.703,reality.1000.1,575,true,false
402,Trường Mầm Non Hoạ Mi [NW],NW,Trường học,Hoàng Mai,21.0549937,105.7306045,-11877.157970,8672.503750,1,0.42,60,60,2700,18853.700,17318.700,True,23.2,reality.1000.1,823,true,false
403,Chùa Thầm,,public_transport:platform,,21.0320028,106.0219582,18393.420898,6122.911696,1,1.38,60,60,3600,26643.053,26643.053,true,,openstreetmap_20_30_ring,node:4352876592,true,true
404,Không có tên [E],E,Trường học,Hoàng Mai,20.9519151,105.9588900,11824.674233,-2789.313615,1,0.51,60,60,2700,19169.500,21511.500,True,36.458,reality.1000.1,277,true,false
405,Taste Tea [N],N,Cửa hàng đồ uống,Thanh Xuân,21.1137947,105.8481332,325.305728,15210.876632,1,0.43,60,60,1800,21158.200,24195.800,True,35.082,reality.1000.1,71,true,false
406,KFC [N],N,Cửa hàng ăn uống,Hoàng Mai,21.0698837,105.8380728,-719.219276,10328.196208,1,1.90,60,60,2700,14105.300,12421.000,True,112.423,reality.1000.1,25,true,false
407,Starbucks [NW],NW,Cửa hàng đồ uống,Thanh Xuân,21.1074307,105.7011162,-14938.792365,14503.232119,1,0.31,60,60,3600,25878.300,25394.500,True,2.506,reality.1000.1,876,true,false
408,WinMart+ [NW],NW,Siêu thị,Hoàng Mai,21.0617416,105.7399463,-10907.241895,9422.835996,1,1.54,60,60,3600,19078.000,18907.900,True,192.5,reality.1000.1,798,true,false
409,WinMart+ [NW],NW,Siêu thị,Thanh Xuân,21.0983381,105.7222401,-12745.595104,13492.181129,1,0.47,60,60,3600,25003.800,24520.000,True,73.019,reality.1000.1,822,true,false
410,WinMart+ [SW],SW,Siêu thị,Thanh Xuân,20.8745404,105.6966732,-15400.088595,-11392.987706,1,1.49,60,60,1800,25780.100,25770.300,True,53.952,reality.1000.1,626,true,false
411,Đảng uỷ - HĐND - UBND phường Thanh Xuân [NE],NE,Uỷ ban nhân dân,Thanh Xuân,21.0967880,105.9267271,8485.348437,13319.817873,1,1.45,60,60,2700,19433.600,20643.300,True,22.768,reality.1000.1,220,true,false
412,nội thất Nam Ninh,,shop:furniture,,21.1440674,105.9205200,7849.713357,18597.942968,1,0.59,60,60,3600,27743.777,27743.777,true,,openstreetmap_20_30_ring,node:4567068389,true,true
413,Cục Dự trữ Nhà nước khu vực Hà Nội [NE],NE,Uỷ ban nhân dân,Thanh Xuân,21.0918287,105.9669361,12660.063744,12768.368873,1,0.64,60,60,3600,21811.100,23484.600,True,15.218,reality.1000.1,133,true,false
414,Trường Tiểu học Đại Kim [SW],SW,Trường học,Hoàng Mai,20.8638876,105.7173818,-13250.010020,-12577.525021,1,0.32,60,60,1800,26306.500,27605.900,True,66.035,reality.1000.1,569,true,false
415,WinMart+ [N],N,Siêu thị,Thanh Xuân,21.0955066,105.8428730,-220.836615,13177.332694,1,1.29,60,60,3600,24383.800,24022.500,True,29.879,reality.1000.1,28,true,false
416,Co.opmart [SE],SE,Siêu thị,Thanh Xuân,20.8683879,105.9172207,7498.342702,-12077.114492,1,1.00,60,60,3600,17318.900,17263.400,True,28.963,reality.1000.1,403,true,false
417,Trường Mầm non Sao Mai [SE],SE,Trường học,Hoàng Mai,20.8705557,105.9537391,11289.880006,-11836.066130,1,1.54,60,60,3600,28069.700,29673.600,True,69.854,reality.1000.1,366,true,false
418,AEON MaxValu Linh Đàm [N],N,Siêu thị,Hoàng Mai,21.0661348,105.8342717,-1113.869985,9911.337547,1,0.23,60,60,3600,13336.100,11651.900,True,52.212,reality.1000.1,40,true,false
419,Siêu Thị T-Mart [N],N,Siêu thị,Thanh Xuân,21.0733648,105.8473986,249.035592,10715.276867,1,0.32,60,60,1800,15115.500,15901.200,True,162.077,reality.1000.1,9,true,false
420,WinMart+ [NE],NE,Siêu thị,Thanh Xuân,21.0983381,105.9538033,11296.545596,13492.181129,1,1.52,60,60,2700,24169.500,24979.200,True,93.805,reality.1000.1,163,true,false
421,Không có tên,C,Cửa hàng đồ uống,Thanh Xuân,21.0144583,105.8418055,-331.670224,4165.172921,1,1.28,60,60,2700,5134.800,4723.900,True,43.042,reality.1000.1,956,true,false
422,Cafe Đồ Xưa,,amenity:cafe,,21.1772239,106.0635395,22715.471825,22288.924548,1,0.34,60,60,1800,43738.153,43738.153,true,,openstreetmap_20_30_ring,node:6545253556,true,true
423,Trường Mầm non Hoa Mai [NW],NW,Trường học,Hoàng Mai,21.0819029,105.7446677,-10417.040676,11664.670270,1,0.28,60,60,3600,22507.300,20519.200,True,32.827,reality.1000.1,780,true,false
424,Trường Mầm Non Hoạ Mi [NE],NE,Trường học,Hoàng Mai,21.0549937,105.9621677,12164.982730,8672.503750,1,0.80,60,60,2700,18287.400,20187.200,True,7.917,reality.1000.1,164,true,false
425,WinMart+ [S],S,Siêu thị,Thanh Xuân,20.8745404,105.8124548,-3379.018244,-11392.987706,1,1.88,60,60,3600,20114.000,20015.600,True,5.35,reality.1000.1,506,true,false
426,Trường Trung học cơ sở Yên Mỹ [W],W,Trường học,Hoàng Mai,20.9415989,105.7668154,-8117.546976,-3936.422718,1,1.39,60,60,2700,15470.500,15452.200,True,13.358,reality.1000.1,737,true,false
427,Delícia Coffee & Lounge,C,Cửa hàng đồ uống,Thanh Xuân,20.9751840,105.8119491,-3431.522747,-201.929987,1,1.73,60,60,2700,5754.500,4883.700,True,12.002,reality.1000.1,968,true,false
428,Không có tên,,amenity:shelter,,21.1911607,105.9607230,12028.500779,23840.369124,1,0.89,60,60,3600,36699.520,36699.520,true,,openstreetmap_20_30_ring,node:4537651695,true,true
429,Cafe Dinh [S],S,Cửa hàng đồ uống,Hoàng Mai,20.8259156,105.8655960,2138.387835,-16799.818775,1,1.50,60,60,3600,22426.800,20814.900,True,158.092,reality.1000.1,494,true,true
430,WinMart+,C,Siêu thị,Thanh Xuân,21.0065803,105.8150887,-3105.552537,3289.179289,1,0.45,60,60,2700,6544.000,5858.200,True,3.616,reality.1000.1,979,true,false
431,WinMart+ [SW],SW,Siêu thị,Hoàng Mai,20.8655990,105.7893530,-5777.571754,-12387.226023,1,0.72,60,60,3600,22619.200,20740.200,True,334.648,reality.1000.1,631,true,false
432,Trường Cao đẳng Hà Nội [W],W,Trường học,Hoàng Mai,20.9419270,105.7167611,-13314.454443,-3899.939662,1,0.26,60,60,2700,20037.900,19545.800,True,3.826,reality.1000.1,730,true,false
433,WinMart+ [S],S,Siêu thị,Thanh Xuân,20.8798873,105.8534394,876.224038,-10798.439553,1,1.61,60,60,1800,11926.900,12026.200,True,36.033,reality.1000.1,433,true,false
434,WinMart+ [W],W,Siêu thị,Thanh Xuân,20.9981936,105.7349517,-11425.808213,2356.620797,1,0.71,60,60,1800,17191.300,16837.100,True,41.221,reality.1000.1,703,true,false
435,WinMart+ [SE],SE,Siêu thị,Thanh Xuân,20.8758286,105.9172143,7497.678220,-11249.746402,1,1.14,60,60,1800,18061.300,18005.800,True,23.317,reality.1000.1,404,true,false
436,Trường Mầm non Hoàng Liệt (cơ sở Tứ Kỳ),C,Trường học,Hoàng Mai,20.9600576,105.8391042,-612.133764,-1883.908925,1,0.76,60,60,2700,2803.000,3441.400,True,31.669,reality.1000.1,910,true,false
437,Trường Trung học cơ sở Tân Định [SW],SW,Trường học,Hoàng Mai,20.8740398,105.7406029,-10839.070141,-11448.651886,1,1.50,60,60,3600,22263.700,22065.900,True,83.713,reality.1000.1,546,true,false
438,Thuế cơ sở 4 thành phố Hà Nội [E],E,Uỷ ban nhân dân,Thanh Xuân,21.0082151,105.9485226,10748.274833,3470.960755,1,0.88,60,60,3600,16193.100,18355.100,True,8.979,reality.1000.1,337,true,false
439,siêu thị 24h ninja mark,C,Siêu thị,Thanh Xuân,20.9829490,105.8099270,-3641.468078,661.498619,1,1.82,60,60,1800,5674.600,6662.900,True,10.671,reality.1000.1,967,true,false
440,Co.opmart [NE],NE,Siêu thị,Thanh Xuân,21.0846041,105.9172207,7498.342702,11965.030006,1,0.89,60,60,1800,17632.300,18842.000,True,12.093,reality.1000.1,229,true,false
441,Trường Mầm non Yên Mỹ [E],E,Trường học,Hoàng Mai,20.9365148,105.9982830,15914.668017,-4501.748844,1,1.59,60,60,3600,25681.000,28636.900,True,60.051,reality.1000.1,334,true,false
442,Noble Moment [W],W,Cửa hàng đồ uống,Thanh Xuân,21.0038662,105.6984168,-15219.058636,2987.385138,1,0.54,60,60,1800,20045.400,19164.200,True,159.019,reality.1000.1,763,true,false
443,WinMart+ [W],W,Siêu thị,Hoàng Mai,20.9609439,105.7658946,-8213.149399,-1785.356862,1,0.85,60,60,2700,11845.100,11555.200,True,3.797,reality.1000.1,700,true,false
444,Sky Lake,,amenity:restaurant,,20.8344011,105.6190529,-23485.433910,-15874.109548,1,1.21,60,60,1800,38959.039,38959.039,true,,openstreetmap_20_30_ring,node:7142716803,true,true
445,WinMart+ [S],S,Siêu thị,Hoàng Mai,20.8683335,105.8931615,5000.386760,-12083.163496,1,0.67,60,60,1800,15466.100,15410.600,True,65.865,reality.1000.1,485,true,false
446,Noble Moment [N],N,Cửa hàng đồ uống,Thanh Xuân,21.1119743,105.8141984,-3197.988286,15008.457387,1,1.53,60,60,2700,22363.000,21715.800,True,12.592,reality.1000.1,104,true,false
447,Cổng khu công nghiệp Bắc Thăng Long,,public_transport:platform,,21.1238738,105.7765752,-7112.222809,16349.991416,1,1.71,60,60,2700,24504.752,24504.752,true,,openstreetmap_20_30_ring,node:8807115904,true,true
448,WinMart+ [NE],NE,Siêu thị,Hoàng Mai,21.0809958,106.0133799,17482.109622,11563.805352,1,0.80,60,60,3600,25501.300,27401.200,True,123.847,reality.1000.1,203,true,true
449,WinMart+ [S],S,Siêu thị,Hoàng Mai,20.8647796,105.8975983,5461.039272,-12478.339146,1,1.05,60,60,3600,15364.500,15309.000,True,33.414,reality.1000.1,496,true,false
450,Coffee Cây [E],E,Cửa hàng đồ uống,Thanh Xuân,21.0021092,105.9471977,10610.716567,2792.015652,1,0.46,60,60,2700,16633.300,18583.900,True,19.235,reality.1000.1,326,true,false
451,Bãi Tập Lái Ô Tô,,amenity:car_rental,,20.9307445,105.6657052,-18636.292193,-5149.162260,1,1.60,60,60,2700,26572.677,26572.677,true,,openstreetmap_20_30_ring,node:5158134322,true,true
452,WinMart+ [W],W,Siêu thị,Hoàng Mai,20.9618215,105.7404818,-10851.643396,-1687.772194,1,1.33,60,60,1800,17051.100,16676.600,True,8.418,reality.1000.1,661,true,false
453,Không có tên [W],W,Cửa hàng đồ uống,Thanh Xuân,20.9994511,105.7412140,-10775.622442,2496.448418,1,0.82,60,60,3600,16786.400,15350.500,True,78.71,reality.1000.1,707,true,false
454,"Qua cầu chui dân sinh số 4 - đối diện đường vào thôn Nhuế, Km 11+200 (chiều sân bay Nội Bài đi Hà Nội)",,public_transport:platform,,21.1415336,105.7784783,-6914.410448,18315.880352,1,1.95,60,60,3600,26906.634,26906.634,true,,openstreetmap_20_30_ring,node:7294698186,true,true
455,Không có tên [E],E,Cửa hàng đồ uống,Thanh Xuân,20.9994511,105.9727772,13266.518258,2496.448418,1,1.21,60,60,1800,20431.400,20230.500,True,15.459,reality.1000.1,294,true,false
456,WinMart+ [W],W,Siêu thị,Thanh Xuân,20.9969190,105.7299080,-11949.472358,2214.891744,1,0.24,60,60,1800,18624.300,17246.000,True,27.451,reality.1000.1,704,true,false
457,Không có tên,,shop:tyres,,21.1243678,105.8132744,-3297.627994,16404.983496,1,0.37,60,60,1800,22997.378,22997.378,true,,openstreetmap_20_30_ring,node:4695893189,true,true
458,Không có tên [NW],NW,Cửa hàng đồ uống,Hoàng Mai,21.0900057,105.7588808,-8941.359954,12565.660522,1,1.43,60,60,3600,21609.900,21130.500,True,20.765,reality.1000.1,805,true,false
459,Cà Phê KOK [E],E,Cửa hàng đồ uống,Thanh Xuân,20.9778599,105.9426070,10134.085327,95.616517,1,1.54,60,60,2700,15448.200,16804.000,True,13.564,reality.1000.1,293,true,false
460,WinMart+,C,Siêu thị,Thanh Xuân,21.0042514,105.8394943,-571.631477,3030.217424,1,1.38,60,60,3600,4183.200,3766.700,True,4.323,reality.1000.1,936,true,false
461,Công Ty TNHH Syopex Việt Nam,,office:yes,,21.1863208,105.7756936,-7203.858234,23301.591456,1,0.48,60,60,1800,33520.329,33520.329,true,,openstreetmap_20_30_ring,node:4715929089,true,true
462,Kho bạc Nhà nước Đống Đa,C,Uỷ ban nhân dân,Thanh Xuân,21.0142447,105.8263636,-1934.931591,4141.421684,1,0.49,60,60,2700,7306.000,6313.200,True,11.053,reality.1000.1,985,true,false
463,Coffee Cây [NE],NE,Cửa hàng đồ uống,Thanh Xuân,21.1102173,105.9471977,10610.716567,14813.087901,1,0.63,60,60,1800,21914.900,23147.500,True,14.764,reality.1000.1,204,true,false
464,Không có tên,,amenity:cafe,,21.1220664,105.7074927,-14292.808389,16148.791648,1,0.51,60,60,1800,29638.699,29638.699,true,,openstreetmap_20_30_ring,node:7325142786,true,true
465,Cửa Hàng Tiện Lợi BV Mart [S],S,Siêu thị,Thanh Xuân,20.8649222,105.8073088,-3913.303727,-12462.482749,1,1.77,60,60,1800,20274.500,19309.400,True,80.786,reality.1000.1,513,true,false
466,Noble Moment [NE],NE,Cửa hàng đồ uống,Thanh Xuân,21.1119743,105.9299800,8823.082064,15008.457387,1,0.88,60,60,2700,21909.000,23118.600,True,26.742,reality.1000.1,227,true,false
467,Trường mầm non Vườn Hồng [N],N,Trường học,Hoàng Mai,21.0849401,105.8552114,1060.202638,12002.391502,1,1.15,60,60,1800,21208.300,21945.100,True,28.592,reality.1000.1,4,true,false
468,WinMart+,C,Siêu thị,Hoàng Mai,20.9623445,105.8644825,2022.778257,-1629.617247,1,0.45,60,60,2700,3546.800,5248.800,True,3.107,reality.1000.1,921,true,false
469,Trường mầm non Vườn Hồng,C,Trường học,Hoàng Mai,20.9828898,105.8439724,-106.690976,654.915879,1,1.58,60,60,1800,1204.300,2526.800,True,12.486,reality.1000.1,898,true,false
470,siêu thị 24h ninja mark [SW],SW,Siêu thị,Thanh Xuân,20.8687831,105.7053844,-14495.644814,-12033.170257,1,0.20,60,60,3600,26399.100,26389.400,True,22.103,reality.1000.1,602,true,false
471,AEON MaxValu Linh Đàm [NE],NE,Siêu thị,Hoàng Mai,21.0661348,105.9500533,10907.200365,9911.337547,1,1.23,60,60,2700,18162.900,20850.400,True,257.169,reality.1000.1,160,true,false
472,Không có tên,,amenity:fuel,,20.7954013,105.8883193,4502.702434,-20215.567284,1,1.29,60,60,2700,28464.334,28464.334,true,,openstreetmap_20_30_ring,node:4437511891,true,true
473,Khu nhà D6 và D3 - Chung cư Kim Chung,,public_transport:platform,,21.1272090,105.7741983,-7359.282974,16721.265880,1,0.99,60,60,2700,25108.339,25108.339,true,,openstreetmap_20_30_ring,node:8807115926,true,true
474,Không có tên [NE],NE,Trường học,Hoàng Mai,21.0600232,105.9588900,11824.674233,9231.758634,1,0.40,60,60,1800,18673.200,20573.100,True,35.391,reality.1000.1,155,true,false
475,Trường Trung học cơ sở Yên Mỹ [S],S,Trường học,Hoàng Mai,20.8334908,105.8825970,3903.523375,-15957.494967,1,1.09,60,60,2700,19441.500,17829.500,True,12.778,reality.1000.1,495,true,false
476,9.0cafe [SE],SE,Cửa hàng đồ uống,Thanh Xuân,20.9006147,105.9317379,9005.596726,-8493.657830,1,1.36,60,60,2700,23482.500,25086.400,True,16.818,reality.1000.1,405,true,false
477,Vinasat,,office:company,,21.0485784,105.6890259,-16212.287820,7968.107488,1,1.59,60,60,3600,24827.262,24827.262,true,,openstreetmap_20_30_ring,node:4212573094,true,true
478,Siêu thị B11 Kim Liên [E],E,Siêu thị,Thanh Xuân,21.0014919,105.9621506,12163.207316,2723.375024,1,0.56,60,60,1800,16659.600,18807.100,True,107.591,reality.1000.1,304,true,false
479,Trường Mầm non Tứ Hiệp (điểm Cổ Điển B) [NW],NW,Trường học,Hoàng Mai,21.0469486,105.7499887,-9864.585749,7777.929446,1,1.23,60,60,3600,15561.400,15624.000,True,43.391,reality.1000.1,843,true,false
480,Thường nga,,shop:electronics,,20.9836318,106.0311730,19351.227289,738.251976,1,1.14,60,60,2700,26614.929,26614.929,true,,openstreetmap_20_30_ring,node:4744781623,true,true
481,WinMart+ [E],E,Siêu thị,Thanh Xuân,21.0058253,105.9122511,6982.372020,3205.227119,1,0.66,60,60,3600,10874.900,11142.100,True,12.069,reality.1000.1,363,true,false
482,WinMart+ [N],N,Siêu thị,Thanh Xuân,21.0920448,105.8014327,-4523.392130,12792.398097,1,1.11,60,60,1800,18760.700,19438.000,True,199.318,reality.1000.1,107,true,false
483,Tịnh Cafe,C,Cửa hàng đồ uống,Thanh Xuân,21.0034874,105.8107186,-3559.279895,2945.264500,1,1.70,60,60,2700,7478.200,6824.700,True,10.958,reality.1000.1,986,true,false
484,WinMart+ [SE],SE,Siêu thị,Thanh Xuân,20.8737032,105.9399054,9853.590640,-11486.080099,1,1.43,60,60,2700,27761.900,29365.800,True,13.87,reality.1000.1,373,true,false
485,Trường Tiểu học Hoàng Liệt [W],W,Trường học,Hoàng Mai,20.9605009,105.7340794,-11516.375105,-1834.616214,1,1.97,60,60,2700,17348.500,16856.400,True,20.891,reality.1000.1,666,true,false
486,MM Mega Market Hoàng Mai [E],E,Siêu thị,Hoàng Mai,20.9634573,105.9930988,15376.416404,-1505.879533,1,0.48,60,60,1800,22166.800,26272.500,True,17.987,reality.1000.1,272,true,false
487,Không có tên,,tourism:hostel,,20.9080642,106.0555230,21882.219347,-7673.933256,1,1.32,60,60,2700,31869.804,31869.804,true,,openstreetmap_20_30_ring,node:6543701589,true,true
488,Kho bạc Nhà nước Đống Đa [W],W,Uỷ ban nhân dân,Thanh Xuân,21.0081869,105.7218210,-12789.108327,3467.825058,1,0.22,60,60,3600,18143.500,17250.000,True,3.667,reality.1000.1,745,true,false
489,WinMart+ [S],S,Siêu thị,Thanh Xuân,20.8691510,105.8321758,-1331.477630,-11992.261644,1,1.20,60,60,3600,18114.600,16484.500,True,7.756,reality.1000.1,450,true,false
490,Không có tên [SW],SW,Trường học,Hoàng Mai,20.8438070,105.7273268,-12217.466467,-14810.385865,1,1.53,60,60,1800,25962.800,27246.600,True,10.412,reality.1000.1,573,true,false
491,Starbucks [SW],SW,Cửa hàng đồ uống,Thanh Xuân,20.8912145,105.7011162,-14938.792365,-9538.912380,1,1.68,60,60,3600,23582.700,23572.900,True,16.942,reality.1000.1,634,true,false
492,WinMart+,C,Siêu thị,Hoàng Mai,20.9820477,105.8705681,2654.618081,561.278631,1,0.99,60,60,2700,3946.800,4590.900,True,6.643,reality.1000.1,932,true,false
493,Trường Tiểu học Chu Văn An [S],S,Trường học,Hoàng Mai,20.8449641,105.8340177,-1140.241635,-14681.722215,1,1.07,60,60,2700,19390.600,17770.500,True,21.4,reality.1000.1,461,true,false
494,Noble Moment [S],S,Cửa hàng đồ uống,Thanh Xuân,20.8957581,105.8141984,-3197.988286,-9033.687111,1,1.45,60,60,2700,12192.700,12325.100,True,11.947,reality.1000.1,521,true,false
495,Không có tên [E],E,Cửa hàng đồ uống,Hoàng Mai,20.9818976,105.9904440,15100.780746,544.588273,1,1.11,60,60,1800,21636.600,23235.100,True,11.213,reality.1000.1,268,true,false
496,Trường Tiểu học Văn Môn,,amenity:school,,21.1707596,105.9302477,8860.831692,21569.318672,1,1.87,60,60,1800,32047.973,32047.973,true,,openstreetmap_20_30_ring,node:1926545807,true,true
497,Trường Đại học Kinh tế - Kỹ thuật Công nghiệp (cơ sở 218 Lĩnh Nam) [N],N,Trường học,Hoàng Mai,21.0820344,105.8868293,4342.943594,11679.292403,1,1.97,60,60,1800,18199.900,19023.500,True,8.251,reality.1000.1,52,true,false
498,WinMart+ [SE],SE,Siêu thị,Thanh Xuân,20.8860122,105.9411370,9981.461996,-10117.381747,1,0.74,60,60,3600,25927.400,27531.400,True,26.375,reality.1000.1,382,true,false
499,Taste Tea,C,Cửa hàng đồ uống,Thanh Xuân,21.0117444,105.8368942,-841.587887,3863.401009,1,0.73,60,60,3600,5100.700,4686.200,True,17.127,reality.1000.1,953,true,false
500,Everything Coffee 'N Bagel [E],E,Cửa hàng đồ uống,Thanh Xuân,20.9980935,105.9216212,7955.226353,2345.490185,1,0.69,60,60,3600,11672.800,13262.600,True,58.052,reality.1000.1,357,true,false
